dataset,relpath,sha256,bytes,width,height,declared_dpi,mode,subject,finger,impression,quality
minex,minexiii/validation/validation_imagery_raw/a001_02.gray,a5a736e8da1307679eefa0d6644ead02473fecdd2210cefbc53de13d2fa74fda,165487,329,503,500,L(raw),001,right_index,nonlivescan_plain,fair
minex,minexiii/validation/validation_imagery_raw/a001_03.gray,96fdd4975d3e87b8fdf9ba7316b2c94574c653840ea7f2e8d7f473802fa2900d,176956,332,533,500,L(raw),001,right_middle,nonlivescan_plain,verygood
minex,minexiii/validation/validation_imagery_raw/a001_04.gray,9526afb28dac1c3987610b299babc87065bc411c4deebf74c42ec2390348adf0,144540,292,495,500,L(raw),001,right_ring,nonlivescan_plain,good
minex,minexiii/validation/validation_imagery_raw/a001_05.gray,414e3218b46bdb1c0b4ee333141040775b78d08f73e84f6ee903c76e033a6ceb,115889,289,401,500,L(raw),001,right_little,nonlivescan_plain,verygood
minex,minexiii/validation/validation_imagery_raw/a001_07.gray,2f7e103ddaf23c123b5519dd644b6cb2b66128df362a508ef4c88cb1f9bdd41a,142857,297,481,500,L(raw),001,left_index,nonlivescan_plain,verygood
minex,minexiii/validation/validation_imagery_raw/a001_08.gray,a1ea99b82c13fc2f69f33cd0f0cda684d68a113c9f2e0e43774bb158475cd50a,107342,281,382,500,L(raw),001,left_middle,nonlivescan_plain,good
minex,minexiii/validation/validation_imagery_raw/a001_09.gray,40d2ff08fcadb4b181879a255e94c4eada455ef300c95d9e43b2d0efdca02d95,176302,343,514,500,L(raw),001,left_ring,nonlivescan_plain,verygood
minex,minexiii/validation/validation_imagery_raw/a001_10.gray,c1977b6794abc6f0ff3e496bd9283140afcdd1808cdc9adb967b95464a1aaf8f,85211,259,329,500,L(raw),001,left_little,nonlivescan_plain,good
minex,minexiii/validation/validation_imagery_raw/a002_02.gray,013820772cf017ccca79ba82386abdf3570c37cde4fd88bcfe98ea68d6550e58,176979,341,519,500,L(raw),002,right_index,nonlivescan_plain,verygood
minex,minexiii/validation/validation_imagery_raw/a002_03.gray,73cfd757aab8115bc3fec744691e016e171a0597c27d23469562ea31b93346df,187035,337,555,500,L(raw),002,right_middle,nonlivescan_plain,excellent
minex,minexiii/validation/validation_imagery_raw/a002_04.gray,6c3d6616c0c9cd3dd46f11c4696b660273ea0cb7d7673e245cf7b28a80d2198e,190098,354,537,500,L(raw),002,right_ring,nonlivescan_plain,verygood
minex,minexiii/validation/validation_imagery_raw/a002_05.gray,e750bbeae6126efa6a7db11f5af6c0bd810a4bf07a6f52ca56e8aec54a6b00b0,107906,326,331,500,L(raw),002,right_little,nonlivescan_plain,verygood
minex,minexiii/validation/validation_imagery_raw/a002_07.gray,6ebc5262e1e0444ff5f1b63c7bb086a383b0654663320845262600e0458a97bf,189925,355,535,500,L(raw),002,left_index,nonlivescan_plain,verygood
minex,minexiii/validation/validation_imagery_raw/a002_08.gray,d832ac4189ebc3623f3c52f655d6eab913d74a03c1f795481411040f731d8663,157560,312,505,500,L(raw),002,left_middle,nonlivescan_plain,verygood
minex,minexiii/validation/validation_imagery_raw/a002_09.gray,2e5349d2d94c8991368df49c2525f29ade43f97d5160aa13fe4a4847cf5046be,174041,329,529,500,L(raw),002,left_ring,nonlivescan_plain,verygood
minex,minexiii/validation/validation_imagery_raw/a002_10.gray,6579c587a5a5705eac257279f38705c802f82b9edd024204da717130533f663b,88660,260,341,500,L(raw),002,left_little,nonlivescan_plain,good
minex,minexiii/validation/validation_imagery_raw/a003_02.gray,533e19a887032dc7007e7a2c7ded0e84b3992e6454d88514a35c8af91b36d58d,152163,319,477,500,L(raw),003,right_index,nonlivescan_plain,verygood
minex,minexiii/validation/validation_imagery_raw/a003_03.gray,cca93b7f039fd8781ecd7e1a84d455c61bd7013a13f38ebe2b7c658deb5dcf25,142140,309,460,500,L(raw),003,right_middle,nonlivescan_plain,verygood
minex,minexiii/validation/validation_imagery_raw/a003_04.gray,92722d5dd54cd4b5b184c7bdd291c61574cdd6cc4368eed5ca8cd9c736d5195b,113286,239,474,500,L(raw),003,right_ring,nonlivescan_plain,excellent
minex,minexiii/validation/validation_imagery_raw/a003_05.gray,d19c219e783035f52391a0f349d0d8dc3afba19bbae8ef16a7c0bfd113c89507,107898,294,367,500,L(raw),003,right_little,nonlivescan_plain,verygood
minex,minexiii/validation/validation_imagery_raw/a003_07.gray,52b9c15585718e8622b90048f649ef2c94fae8746bbb253348c32a49af2f5030,160457,319,503,500,L(raw),003,left_index,nonlivescan_plain,verygood
minex,minexiii/validation/validation_imagery_raw/a003_08.gray,ac3cf710da9ac46e857139b0347a76824b0808f6e08e4336adcff9c45c341840,143045,305,469,500,L(raw),003,left_middle,nonlivescan_plain,verygood
minex,minexiii/validation/validation_imagery_raw/a003_09.gray,f2e875960cdc9abeab51289bf08b751f2aa8ddaaa70fdf3baf4cfff6c823e470,147205,295,499,500,L(raw),003,left_ring,nonlivescan_plain,excellent
minex,minexiii/validation/validation_imagery_raw/a003_10.gray,abce123377640ab24a469d17bc6d48aef104dd44bd1008716491fe51e85ca16b,94928,272,349,500,L(raw),003,left_little,nonlivescan_plain,good
minex,minexiii/validation/validation_imagery_raw/a004_02.gray,4df5be432fd462b7e64e43043e5f681c385f0a8215889128e0c3df0855b95b99,202413,327,619,500,L(raw),004,right_index,nonlivescan_plain,excellent
minex,minexiii/validation/validation_imagery_raw/a004_03.gray,da41294a50235d71f69da8704597294c521c19083c03cf427cc6cee6ba8026dd,131127,327,401,500,L(raw),004,right_middle,nonlivescan_plain,fair
minex,minexiii/validation/validation_imagery_raw/a004_04.gray,2fe1a53e686abf98e7af2b13d648eb182531b8fcb91f497da7b952adbe054533,155064,364,426,500,L(raw),004,right_ring,nonlivescan_plain,good
minex,minexiii/validation/validation_imagery_raw/a004_05.gray,e44c3e0857272d2ad88b9b8b66980a7eb2f435fe088d7bb46d2c4e04c670512e,209198,407,514,500,L(raw),004,right_little,nonlivescan_plain,fair
minex,minexiii/validation/validation_imagery_raw/a004_07.gray,ec1d12e73b7fc73f52d68a3189b80739282a81d04291a8bdf1a406de406b1797,174151,349,499,500,L(raw),004,left_index,nonlivescan_plain,good
minex,minexiii/validation/validation_imagery_raw/a004_08.gray,8c41e6acba20b0b7cff3d3e7af274cb30315dfd58f908cd3a92fddd7b8fd927e,187616,328,572,500,L(raw),004,left_middle,nonlivescan_plain,good
minex,minexiii/validation/validation_imagery_raw/a004_09.gray,a0dc28d43b3935ddc495770ee3ca2077b1a92025e48b582625b2e68b110ce8f9,203490,342,595,500,L(raw),004,left_ring,nonlivescan_plain,good
minex,minexiii/validation/validation_imagery_raw/a004_10.gray,3cd2a1751d1053087b9d6f08a724fa2f84a0187d08d4d5c1f262c09c63dfb076,123090,330,373,500,L(raw),004,left_little,nonlivescan_plain,verygood
minex,minexiii/validation/validation_imagery_raw/a005_02.gray,bb6921fc4518c3d61a647f7cf99509699d48ad3730bec9d91dc37281247e6de7,156600,348,450,500,L(raw),005,right_index,nonlivescan_plain,good
minex,minexiii/validation/validation_imagery_raw/a005_04.gray,361c200d2a64d7f5e408c65cf7719148b2b64324d08bc08e4f540496092e5679,78075,347,225,500,L(raw),005,right_ring,nonlivescan_plain,poor
minex,minexiii/validation/validation_imagery_raw/a005_05.gray,b015a5b0398e9c762a7cb0f62261ae76b1aba73dbf73771aa82c2ffe3ce29d0b,150319,373,403,500,L(raw),005,right_little,nonlivescan_plain,verygood
minex,minexiii/validation/validation_imagery_raw/a005_07.gray,deb1c3ab58f815e1444c473b790b993fa8e9628324cf1ee49991c5751881389f,161112,392,411,500,L(raw),005,left_index,nonlivescan_plain,good
minex,minexiii/validation/validation_imagery_raw/a005_08.gray,35d2fe6260c07bfe326fd8810bedde23f2efd0985b77d8c43498e3db12b204eb,78520,302,260,500,L(raw),005,left_middle,nonlivescan_plain,good
minex,minexiii/validation/validation_imagery_raw/a005_09.gray,4cf94d97dd1b667d9740b86cd1208de89ef936fc945736bc39c954b8d26ffa0d,142680,328,435,500,L(raw),005,left_ring,nonlivescan_plain,excellent
minex,minexiii/validation/validation_imagery_raw/a005_10.gray,e4f307218e9f2e6caff0b5555a07354c6fe1c8268855276f41e119e2902cbe92,97971,339,289,500,L(raw),005,left_little,nonlivescan_plain,good
minex,minexiii/validation/validation_imagery_raw/a006_02.gray,d165aa2afd3c121b8d9fc464a591ce2dbbd3b301549a5f2eed1a476d02507787,116801,271,431,500,L(raw),006,right_index,nonlivescan_plain,poor
minex,minexiii/validation/validation_imagery_raw/a006_03.gray,c52a307da50cf59217ca7236d17e408bdc028487724f10e4bcf3cd5bb8fe8d77,118250,275,430,500,L(raw),006,right_middle,nonlivescan_plain,poor
minex,minexiii/validation/validation_imagery_raw/a006_04.gray,fc84a5f57a3bd5970c8d39ec65310dccbe021c4f4edb4220a454422266e4f89e,139587,289,483,500,L(raw),006,right_ring,nonlivescan_plain,good
minex,minexiii/validation/validation_imagery_raw/a006_05.gray,82ee3d486626bccc42ad7e5c5ba0138d05ebc53087a09f456f75069cd5e1dcb1,97455,267,365,500,L(raw),006,right_little,nonlivescan_plain,poor
minex,minexiii/validation/validation_imagery_raw/a006_07.gray,104f4833ea4581a0f3802871d6abb35b0a68725458715ac8f461ecf388f26464,147964,284,521,500,L(raw),006,left_index,nonlivescan_plain,verygood
minex,minexiii/validation/validation_imagery_raw/a006_08.gray,ecd85ccb35acbc143c7363a4c2f9e765a1e9124b2aea930960aaaef951d969db,157776,304,519,500,L(raw),006,left_middle,nonlivescan_plain,good
minex,minexiii/validation/validation_imagery_raw/a006_09.gray,6089acfc46f6eca18d362fb00a0968298b642db3ffe0455fbe141ceef1a44360,129996,276,471,500,L(raw),006,left_ring,nonlivescan_plain,good
minex,minexiii/validation/validation_imagery_raw/a006_10.gray,f6a64b5821eded3e02089eeb9465c1d76f00a4fa7bde24b1c3907801dc92f355,63900,284,225,500,L(raw),006,left_little,nonlivescan_plain,poor
minex,minexiii/validation/validation_imagery_raw/a007_02.gray,48c07e1fc01c3a375c0ff2cd5d7c20751e0217fa17995844b2ce9df655f3d4db,186375,355,525,500,L(raw),007,right_index,nonlivescan_plain,verygood
minex,minexiii/validation/validation_imagery_raw/a007_03.gray,7cb55821e78027bee012966264d0d0fe30e9bcf33585f1cd1c3b41c1a3999487,119024,344,346,500,L(raw),007,right_middle,nonlivescan_plain,good
minex,minexiii/validation/validation_imagery_raw/a007_04.gray,9868cdad0b95cd678c21b2cc3ccf4993775570d34d2b1cfb56c74eea49b6aadc,152327,329,463,500,L(raw),007,right_ring,nonlivescan_plain,fair
minex,minexiii/validation/validation_imagery_raw/a007_05.gray,fbfba305248d38e9a841ae2ba28e2d8151fd384d696e71bae0ce709f59df13e3,156275,329,475,500,L(raw),007,right_little,nonlivescan_plain,verygood
minex,minexiii/validation/validation_imagery_raw/a007_07.gray,2902e1b2b74280b7c0d7ba500e2074e766dc2255daaf539ca416a91a5dd80472,183913,353,521,500,L(raw),007,left_index,nonlivescan_plain,verygood
minex,minexiii/validation/validation_imagery_raw/a007_08.gray,a3dc83ba0e9bf01a09b831ff9b977b251c927d18fa94d234a928a16ddf8fbb5e,175605,345,509,500,L(raw),007,left_middle,nonlivescan_plain,good
minex,minexiii/validation/validation_imagery_raw/a007_09.gray,209a56baa80f87ddcedc335044c6ca31102515f557d3533c2d85b762d00a2c68,217406,371,586,500,L(raw),007,left_ring,nonlivescan_plain,verygood
minex,minexiii/validation/validation_imagery_raw/a007_10.gray,af4f34cb83b8d7c8edc232ccd26dcb9dd7d244c1719c348ad642fcf2f084c21a,154980,315,492,500,L(raw),007,left_little,nonlivescan_plain,verygood
minex,minexiii/validation/validation_imagery_raw/a008_02.gray,a7c48a31803de31330450aadb7a23c944eb20bde11851482228e69c1f54c1ac7,155561,313,497,500,L(raw),008,right_index,nonlivescan_plain,excellent
minex,minexiii/validation/validation_imagery_raw/a008_03.gray,f4df691f3a6a155c53a98dd54436ac85ab5193ce9afbddacda6e4e1f3f4b8917,112065,241,465,500,L(raw),008,right_middle,nonlivescan_plain,fair
minex,minexiii/validation/validation_imagery_raw/a008_04.gray,5d8c76ce76ff810c3c3d6dda65202e0c56e61b78b8b397e6f96cd0c1ecfcea93,138431,289,479,500,L(raw),008,right_ring,nonlivescan_plain,excellent
minex,minexiii/validation/validation_imagery_raw/a008_05.gray,b90c8ae524146015d5a733703cd11065b5a0a01bfb04c377331faf2d376c38ca,150195,323,465,500,L(raw),008,right_little,nonlivescan_plain,good
minex,minexiii/validation/validation_imagery_raw/a008_07.gray,a79629653995f7211930d9e582507c15532a3f8e5c4703d6819b4f076f181b2a,122476,268,457,500,L(raw),008,left_index,nonlivescan_plain,verygood
minex,minexiii/validation/validation_imagery_raw/a008_08.gray,f5f6c3aaf1db63756df3b73bb51aaec8eea82352a14770c5467d572e293f3be9,122348,292,419,500,L(raw),008,left_middle,nonlivescan_plain,excellent
minex,minexiii/validation/validation_imagery_raw/a008_09.gray,9c930ce4734f26d248d037156b23a5e344c14ce3194f1363c198a34da7819bef,152912,304,503,500,L(raw),008,left_ring,nonlivescan_plain,excellent
minex,minexiii/validation/validation_imagery_raw/a008_10.gray,db2b0c3c9a1e88305891d3415ed945d74ade726b7f77ba7e50e3852b00d42e4f,103304,296,349,500,L(raw),008,left_little,nonlivescan_plain,verygood
minex,minexiii/validation/validation_imagery_raw/a009_02.gray,ac18fd8d65935ef70a3f8d9e207f436d4872cf9e0b49371f7738c1e7c7657db1,125160,280,447,500,L(raw),009,right_index,nonlivescan_plain,good
minex,minexiii/validation/validation_imagery_raw/a009_03.gray,4a71c61650af322ad2d524b77cdcbef23a99e4cbd36623f7a54f7b785f0de3d2,177132,348,509,500,L(raw),009,right_middle,nonlivescan_plain,good
minex,minexiii/validation/validation_imagery_raw/a009_04.gray,8aa653b739e7b11e5db01bb9e4d60246b7588d0f8869e58b47aa385d46065bdf,158746,322,493,500,L(raw),009,right_ring,nonlivescan_plain,verygood
minex,minexiii/validation/validation_imagery_raw/a009_05.gray,6c7588fe4f0e1e00a03996ab020c5499bca48d26d8394a28cf147a68cf8cf5c3,105894,318,333,500,L(raw),009,right_little,nonlivescan_plain,good
minex,minexiii/validation/validation_imagery_raw/a009_07.gray,039764990641a691b8a2970692a6a4d70c8a5eef396ccf4937837b20b009bcd7,149291,337,443,500,L(raw),009,left_index,nonlivescan_plain,fair
minex,minexiii/validation/validation_imagery_raw/a009_08.gray,1a34320b136208c415c645308c931ed50819b8512f75fb7fa37dbeaf35fac1c8,117015,269,435,500,L(raw),009,left_middle,nonlivescan_plain,verygood
minex,minexiii/validation/validation_imagery_raw/a009_09.gray,93c2c202597a1668e0be00248c62335d7a017c22e3fd7e462d31046fb9e1a12e,168525,315,535,500,L(raw),009,left_ring,nonlivescan_plain,verygood
minex,minexiii/validation/validation_imagery_raw/a009_10.gray,96c95c6e4102f8e8d9459f05b06ec870d20ea04b7110dd1e99c40ae2bef2816b,82328,251,328,500,L(raw),009,left_little,nonlivescan_plain,good
minex,minexiii/validation/validation_imagery_raw/a010_02.gray,b6170bb7a3db5b96eb3e9be30c6a2a4f9b1976dee8b6aec9cbd9fc14199beb55,190641,327,583,500,L(raw),010,right_index,nonlivescan_plain,verygood
minex,minexiii/validation/validation_imagery_raw/a010_03.gray,356dccefcc62506f8a4d59493c445a526dda411c817f51f9b721552cd15dd819,193795,343,565,500,L(raw),010,right_middle,nonlivescan_plain,good
minex,minexiii/validation/validation_imagery_raw/a010_04.gray,149c8dca4e20299c040abe6066287d652043b17ae02285227314b43e8a67e75e,214977,353,609,500,L(raw),010,right_ring,nonlivescan_plain,fair
minex,minexiii/validation/validation_imagery_raw/a010_05.gray,c33271fe390f33e37679f6ccfe52a2f5b370c305037ee18637b420bfc872d676,181713,357,509,500,L(raw),010,right_little,nonlivescan_plain,good
minex,minexiii/validation/validation_imagery_raw/a010_07.gray,1ed762ab62de0596302e9f68a0c9fbe156a09e8b16fbeecd4e48aa6af473352f,175032,312,561,500,L(raw),010,left_index,nonlivescan_plain,verygood
minex,minexiii/validation/validation_imagery_raw/a010_08.gray,28e19c9b8375865004fc5766bcd9d9990ad4743240abb352262b2b59c685a621,179180,340,527,500,L(raw),010,left_middle,nonlivescan_plain,good
minex,minexiii/validation/validation_imagery_raw/a010_09.gray,fd236173f722d6d4dbc87e6995978bdffc1e3853495e6c307903bb4ea0af8139,200718,354,567,500,L(raw),010,left_ring,nonlivescan_plain,good
minex,minexiii/validation/validation_imagery_raw/a010_10.gray,1406111b0d4c4697a7da2d9a6b9ffae7b381264c99569da2769807cfe8ec595e,181280,352,515,500,L(raw),010,left_little,nonlivescan_plain,fair
minex,minexiii/validation/validation_imagery_raw/a011_02.gray,7c522656023ea8ff499bbd3aef30b7a3ce7bd677e9e173a060fd479bd1319ffd,161505,333,485,500,L(raw),011,right_index,nonlivescan_plain,excellent
minex,minexiii/validation/validation_imagery_raw/a011_03.gray,331fd85789790b89252002c1b3bfb3c9c5f1d2b499bfcb9c665098d7ea90e51d,152661,337,453,500,L(raw),011,right_middle,nonlivescan_plain,excellent
minex,minexiii/validation/validation_imagery_raw/a011_04.gray,b388e7854f41dec25e60bbe3dab454c1358819580a801837f12d6baf0556315b,186339,347,537,500,L(raw),011,right_ring,nonlivescan_plain,excellent
minex,minexiii/validation/validation_imagery_raw/a011_05.gray,ebbb0e07edb8b220ee101ffdac77c64409d7891ebc6740d78e8b7365d603d898,103090,338,305,500,L(raw),011,right_little,nonlivescan_plain,verygood
minex,minexiii/validation/validation_imagery_raw/a011_07.gray,ed4069e1fa36bdbbe48ce021091e26a50ef7ad4f85aa4561bf519d5f243956d9,146510,322,455,500,L(raw),011,left_index,nonlivescan_plain,excellent
minex,minexiii/validation/validation_imagery_raw/a011_08.gray,6d4fb1363a360d3ea2f2914be13b085de73f0ad8df7c1978847c7ff34e4a2ed0,137340,327,420,500,L(raw),011,left_middle,nonlivescan_plain,excellent
minex,minexiii/validation/validation_imagery_raw/a011_09.gray,e76a3454dcdec8c0bcb3b82b7f0e41934ffdff27b2dbaa91b925752a0724b632,164424,312,527,500,L(raw),011,left_ring,nonlivescan_plain,excellent
minex,minexiii/validation/validation_imagery_raw/a011_10.gray,6e80e2c8552bcb6e6fd45fc22812f9568b4b7dc13d643add2b344b21bc904a3a,133496,296,451,500,L(raw),011,left_little,nonlivescan_plain,excellent
minex,minexiii/validation/validation_imagery_raw/a012_02.gray,d125364a1bde4ab120eba3e7d5c55ced7db4935cd768ce450fcdb5cbd9c42cd0,163658,346,473,500,L(raw),012,right_index,nonlivescan_plain,fair
minex,minexiii/validation/validation_imagery_raw/a012_03.gray,5dc358d4dae8638a91bb31a358114cdf2ffcf3058bed7db881f18bd6089cba0c,106876,308,347,500,L(raw),012,right_middle,nonlivescan_plain,poor
minex,minexiii/validation/validation_imagery_raw/a012_04.gray,50bbd8212f8d1b72ef5fe6a1ad9254efe7f7ac44c2f569dd27db0970044ff858,140140,308,455,500,L(raw),012,right_ring,nonlivescan_plain,fair
minex,minexiii/validation/validation_imagery_raw/a012_05.gray,c1b80a6f458d4ee52dd95e3e26778934cf0e41242eaf8eccfa161ce4bf9409c6,136348,356,383,500,L(raw),012,right_little,nonlivescan_plain,poor
minex,minexiii/validation/validation_imagery_raw/a012_07.gray,c448031ee55283a350adfb2baae90c10975dea7d5d4284224b1c176b4a77ed35,157491,307,513,500,L(raw),012,left_index,nonlivescan_plain,verygood
minex,minexiii/validation/validation_imagery_raw/a012_08.gray,75e2fd29e44c875e39535796a52afa7905f982e7878319a47f343f8dfdbe5ea9,99327,293,339,500,L(raw),012,left_middle,nonlivescan_plain,good
minex,minexiii/validation/validation_imagery_raw/a012_09.gray,d60f2a790b0289e7e8194aa69a0e4662ba1402d8f0936eb1bc4dfaa356de3d90,124931,271,461,500,L(raw),012,left_ring,nonlivescan_plain,poor
minex,minexiii/validation/validation_imagery_raw/a012_10.gray,5a4455cc72029f5584cd0bde977bb0e7763bf276ba00fa0ce2483bcbe2162c10,81699,241,339,500,L(raw),012,left_little,nonlivescan_plain,poor
minex,minexiii/validation/validation_imagery_raw/a013_02.gray,c43b6ab464379e06e49035cf3393d6f891fc32003708625b32102f6524f83d72,156465,305,513,500,L(raw),013,right_index,nonlivescan_plain,excellent
minex,minexiii/validation/validation_imagery_raw/a013_03.gray,8bf38283364f167fff50920379cf9ae3470c5c617ccfa8c8adecfb9417982a4b,115758,327,354,500,L(raw),013,right_middle,nonlivescan_plain,excellent
minex,minexiii/validation/validation_imagery_raw/a013_04.gray,10a063d33c2a4ac10b2d6a19db1d52cbf91e457336aaafe6bb64f2c426a81088,165957,321,517,500,L(raw),013,right_ring,nonlivescan_plain,excellent
minex,minexiii/validation/validation_imagery_raw/a013_05.gray,be130886a4054d28ff5389e8d46f90999d00e29333b328e77fce8c827ab13da5,120640,320,377,500,L(raw),013,right_little,nonlivescan_plain,excellent
minex,minexiii/validation/validation_imagery_raw/a013_07.gray,77309c5ebcf4139544a99f7993d9d1b4c8e07f3f43a045219589663f0021b144,172551,339,509,500,L(raw),013,left_index,nonlivescan_plain,verygood
minex,minexiii/validation/validation_imagery_raw/a013_08.gray,d18dcb4b263817d87657a5c14fc6ebc0c8cd4e4fa3b92e253e63f3b65b25406f,101697,327,311,500,L(raw),013,left_middle,nonlivescan_plain,excellent
minex,minexiii/validation/validation_imagery_raw/a013_09.gray,bdfbd732abebd4cab0b0c2b2035eb9d438297791fbb4dc57dedb279414365fc5,138567,323,429,500,L(raw),013,left_ring,nonlivescan_plain,excellent
minex,minexiii/validation/validation_imagery_raw/a013_10.gray,ed63f1cceb0c704900113f582faad87f3d64cce0d07238f8652ec45414d69273,135141,321,421,500,L(raw),013,left_little,nonlivescan_plain,verygood
minex,minexiii/validation/validation_imagery_raw/a014_02.gray,2e16708928a8ee5288bb3f671cf61521fd3fc38e90f581a53fe6c975d12161d8,196500,375,524,500,L(raw),014,right_index,nonlivescan_plain,fair
minex,minexiii/validation/validation_imagery_raw/a014_03.gray,8a4cf4e7ff293a0b8246b5f2bc700c7c8753bcb7f7c7e76739eae8cd64bf07d9,190806,354,539,500,L(raw),014,right_middle,nonlivescan_plain,good
minex,minexiii/validation/validation_imagery_raw/a014_04.gray,e38746a2026bff53874b004af2d854e71beaeedb916e65b38c05b87c39baff64,177255,351,505,500,L(raw),014,right_ring,nonlivescan_plain,poor
minex,minexiii/validation/validation_imagery_raw/a014_05.gray,a6c18cf48a40c584fb387f8715e392bf15ef97890e16a1c918b32476b283058e,165075,355,465,500,L(raw),014,right_little,nonlivescan_plain,poor
minex,minexiii/validation/validation_imagery_raw/a014_07.gray,137a21628ee58196904c1b1b30703abc621e5cf745e1698a11098d81d924d47e,161364,339,476,500,L(raw),014,left_index,nonlivescan_plain,fair
minex,minexiii/validation/validation_imagery_raw/a014_08.gray,549f9899811f42b5d4457b8c38adaa832dd896560d64f9c1b7afd995665afc5d,187110,385,486,500,L(raw),014,left_middle,nonlivescan_plain,fair
minex,minexiii/validation/validation_imagery_raw/a014_09.gray,0501801e2b424330197341085c1078b32dde85c83d614e11f1822b06ac5f77b6,178358,347,514,500,L(raw),014,left_ring,nonlivescan_plain,fair
minex,minexiii/validation/validation_imagery_raw/a014_10.gray,8a7fa0fe38c2db6d68d00ca3e94daf1b609d6f071e6fb75a661d5f4b0dfd2976,137557,301,457,500,L(raw),014,left_little,nonlivescan_plain,poor
minex,minexiii/validation/validation_imagery_raw/a015_02.gray,117ea85f8437d0a9be579d519d0c563a0d27dbf9d441188cedac2ec83bd03c38,132276,292,453,500,L(raw),015,right_index,nonlivescan_plain,excellent
minex,minexiii/validation/validation_imagery_raw/a015_03.gray,1d685f824df902abca3475194c5dcc24e89ab0a2552a9ce1925568113dc4e0e4,115830,270,429,500,L(raw),015,right_middle,nonlivescan_plain,excellent
minex,minexiii/validation/validation_imagery_raw/a015_04.gray,6179686f8dbd4caa909256d9c33e03a8b6afa7adaecc554e7d3bbf14808d1d7c,148656,304,489,500,L(raw),015,right_ring,nonlivescan_plain,excellent
minex,minexiii/validation/validation_imagery_raw/a015_05.gray,c28ca1f739e55b2762138227f2af9a67a29254c04f110c936ad7c4da45a044a8,66920,280,239,500,L(raw),015,right_little,nonlivescan_plain,verygood
minex,minexiii/validation/validation_imagery_raw/a015_07.gray,f1a98ae6db0c263fb1fb12c141ab4d07072ca80214747794d3da72f5d3f66cb5,123847,271,457,500,L(raw),015,left_index,nonlivescan_plain,excellent
minex,minexiii/validation/validation_imagery_raw/a015_08.gray,b981a9d1fb2d9a668dd1cbcff515f7b7065f31a6c06cc0e74e74c80836f00883,152918,314,487,500,L(raw),015,left_middle,nonlivescan_plain,verygood
minex,minexiii/validation/validation_imagery_raw/a015_09.gray,3da292b96461bd1dbcc1defa2417aa1fcd03c386e655f1cc7328ce82f6d3f995,146401,281,521,500,L(raw),015,left_ring,nonlivescan_plain,excellent
minex,minexiii/validation/validation_imagery_raw/a015_10.gray,bdccf24629e83bcba2c0cbee654e826eec87fdf5fe738ea5f1c29f0e589c243a,88911,267,333,500,L(raw),015,left_little,nonlivescan_plain,good
minex,minexiii/validation/validation_imagery_raw/a016_02.gray,dd2d51f2c687342483680ae779156ae2c3fd6e57d3f6b8f669e3bfe1fcf78f5f,159198,338,471,500,L(raw),016,right_index,nonlivescan_plain,excellent
minex,minexiii/validation/validation_imagery_raw/a016_03.gray,a7514a4a71736821a2c246ddf2a8935221ab6795bde8ce2a80081e4d75b670ec,152460,315,484,500,L(raw),016,right_middle,nonlivescan_plain,good
minex,minexiii/validation/validation_imagery_raw/a016_04.gray,06672d7607841bc0e44a4d43cd0eb723c8585e8f849a2defa5b5ef82f80ce5b4,148886,302,493,500,L(raw),016,right_ring,nonlivescan_plain,excellent
minex,minexiii/validation/validation_imagery_raw/a016_05.gray,b6899f4567cae439edf8ab7b5940b15054559466c27337af6df49d7c10739f03,123939,293,423,500,L(raw),016,right_little,nonlivescan_plain,verygood
minex,minexiii/validation/validation_imagery_raw/a016_07.gray,87e58481eafb30caf8b468a0dcc9b83e8bc69ed9eca3bce58c9a8b8aa8c09f47,152894,326,469,500,L(raw),016,left_index,nonlivescan_plain,excellent
minex,minexiii/validation/validation_imagery_raw/a016_08.gray,c19afc6acc73e20a51742a49936c2ccc028e1a0dac470c00fd277f4650825842,119700,350,342,500,L(raw),016,left_middle,nonlivescan_plain,excellent
minex,minexiii/validation/validation_imagery_raw/a016_09.gray,c3da4689a982cb6812e22a4694dac88acb6853a85e429fbb994032740ca36505,168640,320,527,500,L(raw),016,left_ring,nonlivescan_plain,excellent
minex,minexiii/validation/validation_imagery_raw/a016_10.gray,174d1b1e29b4f212c95859d5aea70b77e99b84a565b544a5cacdb3de993e71fa,127820,308,415,500,L(raw),016,left_little,nonlivescan_plain,verygood
minex,minexiii/validation/validation_imagery_raw/a017_02.gray,0964123af46442308b06197ceb6e2e7513cd363dc3daa52ecefb093cb2e10a6d,150900,300,503,500,L(raw),017,right_index,nonlivescan_plain,excellent
minex,minexiii/validation/validation_imagery_raw/a017_03.gray,9cff17e268176b0fa218b0aa5d3abc0cdcb80e1d5eadc1f341b5bc61c271d066,178976,376,476,500,L(raw),017,right_middle,nonlivescan_plain,verygood
minex,minexiii/validation/validation_imagery_raw/a017_04.gray,80c40941af8716536ea1ccaf1b458a915f028f099060ca5e6719692c8339faad,169100,356,475,500,L(raw),017,right_ring,nonlivescan_plain,verygood
minex,minexiii/validation/validation_imagery_raw/a017_05.gray,0498debe3e151a58db81637ec56166d40d6dac6a3e6e67663a445000cff53dea,145866,322,453,500,L(raw),017,right_little,nonlivescan_plain,verygood
minex,minexiii/validation/validation_imagery_raw/a017_07.gray,bd53cf4dabc947ce2023bfd92f5dbe3df575cfadc53cd85ac70bc2a27be99014,154401,321,481,500,L(raw),017,left_index,nonlivescan_plain,excellent
minex,minexiii/validation/validation_imagery_raw/a017_08.gray,053f8c274f200e5d230efe22101ea0224e20b130bc86b5f0c97232de33c54f05,213877,391,547,500,L(raw),017,left_middle,nonlivescan_plain,verygood
minex,minexiii/validation/validation_imagery_raw/a017_09.gray,3a4ed410f2ae3456b2a3847cdb5ab2775b1a73191296fd4ce220a7db0da8e972,168705,345,489,500,L(raw),017,left_ring,nonlivescan_plain,verygood
minex,minexiii/validation/validation_imagery_raw/a017_10.gray,4196aa6b16d232b7d02ba1c27c4c8b455215f336ff26400dbc09ab2eebaa581e,160379,367,437,500,L(raw),017,left_little,nonlivescan_plain,excellent
minex,minexiii/validation/validation_imagery_raw/a018_02.gray,acc52fd20c983c8a9312f7cff5757097a4194c56aaf53dce2c8f224c9b665f6b,106896,272,393,500,L(raw),018,right_index,nonlivescan_plain,verygood
minex,minexiii/validation/validation_imagery_raw/a018_03.gray,337725b7aa78d975f9f59ff8d86638f71e394605870ef90a323d3962230a99b4,129183,289,447,500,L(raw),018,right_middle,nonlivescan_plain,excellent
minex,minexiii/validation/validation_imagery_raw/a018_04.gray,c9a8859e0fa014839c4bb36f51819049de968c02759f7e025adb35339bcd9834,118969,271,439,500,L(raw),018,right_ring,nonlivescan_plain,excellent
minex,minexiii/validation/validation_imagery_raw/a018_05.gray,12168002de15342ac4c245ae1aa794c6968916f9676eedabe0d56d8fd02eb906,119833,323,371,500,L(raw),018,right_little,nonlivescan_plain,poor
minex,minexiii/validation/validation_imagery_raw/a018_07.gray,ab771ff086d2f30399dff9bd56c41479b6703e4a78e03fa17105f42e9dfdd7e5,112023,243,461,500,L(raw),018,left_index,nonlivescan_plain,verygood
minex,minexiii/validation/validation_imagery_raw/a018_08.gray,65dcd420c8496eef7ddff0595294d03f929ee33b4b4691cdaee4a26c2f187898,133285,305,437,500,L(raw),018,left_middle,nonlivescan_plain,excellent
minex,minexiii/validation/validation_imagery_raw/a018_09.gray,5586a9f7c062b3bfe7e87ee5c34face9c36fc233a2f6ce423903ad47d3590663,95221,223,427,500,L(raw),018,left_ring,nonlivescan_plain,verygood
minex,minexiii/validation/validation_imagery_raw/a018_10.gray,c0698c6eb734ee7da897489f95610e5fb991f3729cf891ad70965e77bb930e0c,89893,241,373,500,L(raw),018,left_little,nonlivescan_plain,good
minex,minexiii/validation/validation_imagery_raw/a019_02.gray,8b479bd70c0ab4a6aff39284e575de93854525ea51bcf09381310c8625045fc0,146280,318,460,500,L(raw),019,right_index,nonlivescan_plain,good
minex,minexiii/validation/validation_imagery_raw/a019_03.gray,1e2d6492a64d9571eda7fc54d88b75952035d5200ce3721271fdd68ca2b03cec,148694,301,494,500,L(raw),019,right_middle,nonlivescan_plain,fair
minex,minexiii/validation/validation_imagery_raw/a019_04.gray,84a158607912cd9db68dca8f1813acd18a243cb6e7d195ff193e44dd334b37d5,136406,283,482,500,L(raw),019,right_ring,nonlivescan_plain,fair
minex,minexiii/validation/validation_imagery_raw/a019_05.gray,3225cb9ffbee6225ef5adac9205fffc8dd82a0a349c36ea339fe77b522dd3375,144243,279,517,500,L(raw),019,right_little,nonlivescan_plain,fair
minex,minexiii/validation/validation_imagery_raw/a019_07.gray,19bbc8ebfa559cdd1730c27ddcd3ee92052f8afe379936812129e8b94386759b,136123,283,481,500,L(raw),019,left_index,nonlivescan_plain,verygood
minex,minexiii/validation/validation_imagery_raw/a019_08.gray,804684282a06aefeb6c0f0ce01c2ca4b2cf65d38e7182ff86700a63cc730ed00,111858,309,362,500,L(raw),019,left_middle,nonlivescan_plain,verygood
minex,minexiii/validation/validation_imagery_raw/a019_09.gray,8a115511d3b867e7caad23c1c702dfdeb6928d9dd045e652e691e056c7bb274e,143925,285,505,500,L(raw),019,left_ring,nonlivescan_plain,fair
minex,minexiii/validation/validation_imagery_raw/a019_10.gray,e08485011c26f7e481798444ac652f18fecbbffeb3e92ebe19ccbe7929324d3e,109733,299,367,500,L(raw),019,left_little,nonlivescan_plain,fair
minex,minexiii/validation/validation_imagery_raw/a020_02.gray,cfa907f2a197039c9b277d05e78f592516d66442193e127668356cdd9b297fe7,144900,322,450,500,L(raw),020,right_index,nonlivescan_plain,verygood
minex,minexiii/validation/validation_imagery_raw/a020_03.gray,675cd90f6bf392b0d77babc3230dba2c8d0758863ccedec421f4e5fd6a4b8006,160064,328,488,500,L(raw),020,right_middle,nonlivescan_plain,excellent
minex,minexiii/validation/validation_imagery_raw/a020_04.gray,1c9fd0728c0cfab58b7a1f8db416f09d573c339e9a7e8b5399409967d4233e84,156433,311,503,500,L(raw),020,right_ring,nonlivescan_plain,excellent
minex,minexiii/validation/validation_imagery_raw/a020_05.gray,2911fc1bcbd2f55137c4eeb5a4fe9f051867cc1ea36cdea0776b02451a403d70,155800,328,475,500,L(raw),020,right_little,nonlivescan_plain,good
minex,minexiii/validation/validation_imagery_raw/a020_07.gray,14ff766e1a5b582867a581b60161a94e61e031466144c9391f71aeccb51cf721,158907,329,483,500,L(raw),020,left_index,nonlivescan_plain,excellent
minex,minexiii/validation/validation_imagery_raw/a020_08.gray,f2d90dc949d5b072352b9a9f7c3c639eeee2ee2e912f49a7f834421c5a38ed56,107085,295,363,500,L(raw),020,left_middle,nonlivescan_plain,verygood
minex,minexiii/validation/validation_imagery_raw/a020_09.gray,3da3ca5bc0d86f0aee5c0a544b19a5777fdcd7bb0149eb9a14b1ed7667666a31,152082,306,497,500,L(raw),020,left_ring,nonlivescan_plain,verygood
minex,minexiii/validation/validation_imagery_raw/a020_10.gray,c46003af9643a3178cca6801623bf31acdbc268a250595ea02811641f4b43a9d,127078,313,406,500,L(raw),020,left_little,nonlivescan_plain,good
minex,minexiii/validation/validation_imagery_raw/a021_02.gray,aaef315ce06ac1f3e712093f763c2576e711a3e926a12696edcc19bd28a3428a,99715,259,385,500,L(raw),021,right_index,nonlivescan_plain,poor
minex,minexiii/validation/validation_imagery_raw/a021_03.gray,4c281d1e55d0a0a14c94f4a73c9e5db12f4de869a5f2af8b7799679498b2ec04,101031,283,357,500,L(raw),021,right_middle,nonlivescan_plain,poor
minex,minexiii/validation/validation_imagery_raw/a021_04.gray,29d09e1e22fb4ec50c5931ae1cdb53687adab35b10ff02f0dadeea6097396bba,105413,259,407,500,L(raw),021,right_ring,nonlivescan_plain,poor
minex,minexiii/validation/validation_imagery_raw/a021_05.gray,926003a764f896a619523ed0321783337452593555ce70b46ceb069df328ee20,95663,271,353,500,L(raw),021,right_little,nonlivescan_plain,poor
minex,minexiii/validation/validation_imagery_raw/a021_07.gray,4c3a25d19241d1ba1a9186199b39d1b28345d298363f172b50e3cfa6bc88769a,86273,253,341,500,L(raw),021,left_index,nonlivescan_plain,good
minex,minexiii/validation/validation_imagery_raw/a021_08.gray,f1aadf372474dbd5409afb2b90276e35d0a61e27068ce69dc9f06214389409cc,78561,261,301,500,L(raw),021,left_middle,nonlivescan_plain,good
minex,minexiii/validation/validation_imagery_raw/a021_09.gray,3f616cc03bca792059651c8b274019c53d816e35286db858a21ced5b73a50d6e,103161,251,411,500,L(raw),021,left_ring,nonlivescan_plain,verygood
minex,minexiii/validation/validation_imagery_raw/a021_10.gray,81e83bdf4f1d3de0ca7293262dfc6d75146a2726951091887c1713631c54aecd,96033,269,357,500,L(raw),021,left_little,nonlivescan_plain,verygood
minex,minexiii/validation/validation_imagery_raw/a022_02.gray,ce7bf8bb602ebb82eb19c631b36e6974e85db00e54bd85820a84a0a3630c33b8,171441,387,443,500,L(raw),022,right_index,nonlivescan_plain,fair
minex,minexiii/validation/validation_imagery_raw/a022_03.gray,dd3c18f9150329ac43a79ae079f4ac530a6ff99169a6736810003b1d9531d6fb,182691,383,477,500,L(raw),022,right_middle,nonlivescan_plain,fair
minex,minexiii/validation/validation_imagery_raw/a022_04.gray,e46bc7acc7e3f00b94cb1faa971f5ddcda270f981b50b668347b2ef6427c1dec,169059,327,517,500,L(raw),022,right_ring,nonlivescan_plain,good
minex,minexiii/validation/validation_imagery_raw/a022_05.gray,1a181507f4c42e24581ade773e5c2e89ce786fa40c17508768aad4c9aff5abb4,82563,219,377,500,L(raw),022,right_little,nonlivescan_plain,poor
minex,minexiii/validation/validation_imagery_raw/a022_07.gray,2bcaf1794ce2a653d7178c70e3ee5773a7ad45d07135523889c93469e71c3c4d,202516,394,514,500,L(raw),022,left_index,nonlivescan_plain,fair
minex,minexiii/validation/validation_imagery_raw/a022_08.gray,32347fe2d489efbf75a295769ea879f0302fa3d6385bfbe72844e3b0732cf844,200194,398,503,500,L(raw),022,left_middle,nonlivescan_plain,fair
minex,minexiii/validation/validation_imagery_raw/a022_09.gray,5805a03bf1b300315258b286ccb0697b60ab760bc0fd0c982994bd050e46a516,212619,379,561,500,L(raw),022,left_ring,nonlivescan_plain,good
minex,minexiii/validation/validation_imagery_raw/a022_10.gray,e9426115ec937fc155abda318ca5f20d5ea1abe2f52f70a6c527b0e48e5415a8,134385,289,465,500,L(raw),022,left_little,nonlivescan_plain,poor
minex,minexiii/validation/validation_imagery_raw/a023_03.gray,195c2ec39e7bf19b821c0b9039009ff522776e095248df9953a41c5bd71972db,167238,342,489,500,L(raw),023,right_middle,nonlivescan_plain,verygood
minex,minexiii/validation/validation_imagery_raw/a023_04.gray,f23b6b7804982be1bdd607a2bedb8adf745991c19ceda1ac0051628780008878,148212,276,537,500,L(raw),023,right_ring,nonlivescan_plain,good
minex,minexiii/validation/validation_imagery_raw/a023_05.gray,aede9fefc8531e6a1dd8688870f87dcbd1f8711d82dcb2f0e815d5d913c92c08,131296,352,373,500,L(raw),023,right_little,nonlivescan_plain,good
minex,minexiii/validation/validation_imagery_raw/a023_07.gray,1cbae0f31d2367b5f8c5ae8b854a2088267a8ce0f146faa75cba3e39f00a2bf9,148800,240,620,500,L(raw),023,left_index,nonlivescan_plain,poor
minex,minexiii/validation/validation_imagery_raw/a023_08.gray,cb899e86015bac1960a37b338357487a883f79ada3a42b4053a84f6b04626077,123265,277,445,500,L(raw),023,left_middle,nonlivescan_plain,good
minex,minexiii/validation/validation_imagery_raw/a023_09.gray,79bd80f477d8ec9dc35089b80f20be398f11188d7bf5183db91f2976ec844252,204050,371,550,500,L(raw),023,left_ring,nonlivescan_plain,good
minex,minexiii/validation/validation_imagery_raw/a023_10.gray,170145bf8f2d9f341f4d9f1fbfc0f926b914ba6f1b39cb76c90ced405a184747,166833,333,501,500,L(raw),023,left_little,nonlivescan_plain,good
minex,minexiii/validation/validation_imagery_raw/a024_02.gray,b93918f3e0f95cea1057e055e9c2ef0772c34e1de934cd5a05f325286a4d95d9,156377,299,523,500,L(raw),024,right_index,nonlivescan_plain,verygood
minex,minexiii/validation/validation_imagery_raw/a024_03.gray,193b2a5e00a4b391ed19657200934cff8225fdc3d9f67703b7e56df2b2dd0033,186744,372,502,500,L(raw),024,right_middle,nonlivescan_plain,excellent
minex,minexiii/validation/validation_imagery_raw/a024_04.gray,319078d1fb87499aff6be15658e21f016818d83c85d7132b43529706643c57f9,162504,333,488,500,L(raw),024,right_ring,nonlivescan_plain,good
minex,minexiii/validation/validation_imagery_raw/a024_05.gray,83a7a724d26c757b50ace0bbe05c0554978fa2187bbbed2725c16c97c78dd982,176890,361,490,500,L(raw),024,right_little,nonlivescan_plain,good
minex,minexiii/validation/validation_imagery_raw/a024_07.gray,e45176125e23fd504e08b94cc4792d8b20cf94899ec41554981ed9866bb9c8f2,168795,363,465,500,L(raw),024,left_index,nonlivescan_plain,good
minex,minexiii/validation/validation_imagery_raw/a024_08.gray,8fefdf284fce1457ae849352787951a5efec48d8ab816471db28d7f2222c5c9d,86411,299,289,500,L(raw),024,left_middle,nonlivescan_plain,fair
minex,minexiii/validation/validation_imagery_raw/a024_09.gray,1e4ca9d23e7b63f06d3b5da4892af1c3ecebbb176126524dbeca60d143d6efd0,166493,331,503,500,L(raw),024,left_ring,nonlivescan_plain,good
minex,minexiii/validation/validation_imagery_raw/a024_10.gray,1ca737c57b77aaee8aff22b71f01ab78fcf88ed659b6cf435605d2464384f579,136344,312,437,500,L(raw),024,left_little,nonlivescan_plain,good
minex,minexiii/validation/validation_imagery_raw/a025_02.gray,c99cb10b0d1bc8b97f677a0fdc19620444503dad0e89a2e2fbde79469ab732b8,170471,343,497,500,L(raw),025,right_index,nonlivescan_plain,verygood
minex,minexiii/validation/validation_imagery_raw/a025_03.gray,7bab8f338f073567eea4ae87b166da07ef3212de8d2508237ae4061c59cd5aec,149184,333,448,500,L(raw),025,right_middle,nonlivescan_plain,excellent
minex,minexiii/validation/validation_imagery_raw/a025_04.gray,fa97f18c8699efb5ddb05a28e82f4faee15a71b35572c6b3bccab1ab638d651b,170688,336,508,500,L(raw),025,right_ring,nonlivescan_plain,verygood
minex,minexiii/validation/validation_imagery_raw/a025_05.gray,c7f13367e7e1e81d203658cc52431b9e703c564fc698fee3b6c2fd0830c676b3,112185,277,405,500,L(raw),025,right_little,nonlivescan_plain,verygood
minex,minexiii/validation/validation_imagery_raw/a025_07.gray,304b1b16f7a33251eef40e4d2d496ada9958b1869b7f0b5b0c17c18ef9893418,163606,358,457,500,L(raw),025,left_index,nonlivescan_plain,good
minex,minexiii/validation/validation_imagery_raw/a025_08.gray,6c3673eb4d7346a5e868c9951788473a8726172579c3e1e2357adaf29b26661b,92625,325,285,500,L(raw),025,left_middle,nonlivescan_plain,verygood
minex,minexiii/validation/validation_imagery_raw/a025_09.gray,d4e313da1bbe9030d64c4044cd494c661886ddee68d99d25ae5c8c4efec125b8,130309,311,419,500,L(raw),025,left_ring,nonlivescan_plain,excellent
minex,minexiii/validation/validation_imagery_raw/a025_10.gray,e92e137621a83d9cc5ceb187e2499b60fd36aa5d817f53fa135d3d3ce1d6ec9b,143667,313,459,500,L(raw),025,left_little,nonlivescan_plain,verygood
minex,minexiii/validation/validation_imagery_raw/a026_02.gray,809276b62966e94630ed45ef61667cdd547b8cff2fea605ccaa3c4358c58535c,174724,361,484,500,L(raw),026,right_index,nonlivescan_plain,good
minex,minexiii/validation/validation_imagery_raw/a026_03.gray,8323e14d84feb2f0f288bee3d4943585f8553fda4d7ec1930aa91d8a3e0c429a,123830,305,406,500,L(raw),026,right_middle,nonlivescan_plain,good
minex,minexiii/validation/validation_imagery_raw/a026_04.gray,ae0dfbb3b6d0a2d039f83592e7be72d07ff646fc6a3d47d72e7ce63755953413,142956,342,418,500,L(raw),026,right_ring,nonlivescan_plain,good
minex,minexiii/validation/validation_imagery_raw/a026_05.gray,ea789afad3a972660dd2520460f0ab25fb6fcb97c8d401153327cfa5b52e6db2,137193,329,417,500,L(raw),026,right_little,nonlivescan_plain,fair
minex,minexiii/validation/validation_imagery_raw/a026_07.gray,77888d650e2cba5297b703ee1ddc614bb973015d7681a3dac2bbe2094699b48a,179417,361,497,500,L(raw),026,left_index,nonlivescan_plain,verygood
minex,minexiii/validation/validation_imagery_raw/a026_08.gray,c58ad714e128db604cf543968e531d8c33ffb8f491f65c4bd9237e1913fbfed9,164977,361,457,500,L(raw),026,left_middle,nonlivescan_plain,good
minex,minexiii/validation/validation_imagery_raw/a026_09.gray,af4e5dda8582da3d673dc77886e58e3fdb9fa3b42259ae64944b7bf7e1cfed68,164021,341,481,500,L(raw),026,left_ring,nonlivescan_plain,good
minex,minexiii/validation/validation_imagery_raw/a026_10.gray,89b0808f76532c5347e0ce78786d17acb56cfc15f6832da8b2051749fd209a05,128557,319,403,500,L(raw),026,left_little,nonlivescan_plain,good
minex,minexiii/validation/validation_imagery_raw/a027_02.gray,23733ead1ab3a8ff338761da09fc74acb8b57504c595cdff429d037ee95240af,193556,332,583,500,L(raw),027,right_index,nonlivescan_plain,verygood
minex,minexiii/validation/validation_imagery_raw/a027_04.gray,ee7f51c79fdb28087f02f3ed39472959843fda8cc1b1996fa84e0b3372f9a857,97836,263,372,500,L(raw),027,right_ring,nonlivescan_plain,poor
minex,minexiii/validation/validation_imagery_raw/a027_05.gray,499a40739d5c71b613d690fdac59cab68a957c9473de26988ac6298123238acd,129659,263,493,500,L(raw),027,right_little,nonlivescan_plain,fair
minex,minexiii/validation/validation_imagery_raw/a027_07.gray,ec91e872d5e5ad5cdcad41529333771cfe01781a7b8ad57a9431cc539938ac7e,206037,351,587,500,L(raw),027,left_index,nonlivescan_plain,verygood
minex,minexiii/validation/validation_imagery_raw/a027_08.gray,6ec7624c5fd774a35da18d773064d5224eba597847a37c41acc3e68007157ce1,127759,251,509,500,L(raw),027,left_middle,nonlivescan_plain,good
minex,minexiii/validation/validation_imagery_raw/a027_09.gray,796437f82d57c1b47c2f2d24adf4f112c5d60e2a7d19c1780217f1e6496b8b2e,228735,345,663,500,L(raw),027,left_ring,nonlivescan_plain,excellent
minex,minexiii/validation/validation_imagery_raw/a027_10.gray,76f8e0c47ee1321de0d51c3545f110ed7a733e7c58cdccb4452bf9bbbe39f17d,92485,265,349,500,L(raw),027,left_little,nonlivescan_plain,verygood
minex,minexiii/validation/validation_imagery_raw/a028_02.gray,1e3ffd908517cb23b9e44cd4acaad5d99baacf8412e386d027c8ce2b5a8c27d0,162864,348,468,500,L(raw),028,right_index,nonlivescan_plain,fair
minex,minexiii/validation/validation_imagery_raw/a028_03.gray,cc4602c0ef10145a8b899a0cb033d13c6a5ea3dfc20cb2f05862c40d47fd2df2,184877,343,539,500,L(raw),028,right_middle,nonlivescan_plain,verygood
minex,minexiii/validation/validation_imagery_raw/a028_04.gray,13a90ca1091cd9351d012f3cc9038780f1beb838e0455d225469b05575960167,142485,295,483,500,L(raw),028,right_ring,nonlivescan_plain,good
minex,minexiii/validation/validation_imagery_raw/a028_05.gray,0bc71b11b860c48008450c50f80541db742590c7adf6cf2732c098f88d851dd6,137780,332,415,500,L(raw),028,right_little,nonlivescan_plain,good
minex,minexiii/validation/validation_imagery_raw/a028_07.gray,7822f8f837b9e70597c33a8f51b059e1d57287460c73ac955a7dbdf91f43f92e,167171,349,479,500,L(raw),028,left_index,nonlivescan_plain,good
minex,minexiii/validation/validation_imagery_raw/a028_08.gray,9c07dbb9f3b43ccf94a41570c04f723dc9ce8266e7b59f9fc9fd808976b5cb29,205707,359,573,500,L(raw),028,left_middle,nonlivescan_plain,verygood
minex,minexiii/validation/validation_imagery_raw/a028_09.gray,320dcdca37acd9063703c43904c5846fdc37721798f107061f8b3b41148bd4ca,158817,317,501,500,L(raw),028,left_ring,nonlivescan_plain,good
minex,minexiii/validation/validation_imagery_raw/a028_10.gray,e5049b9368bc60a95a82353cfffc34fe8bedcd5a8ad911f8945561c67a1e9241,69165,265,261,500,L(raw),028,left_little,nonlivescan_plain,poor
minex,minexiii/validation/validation_imagery_raw/a029_02.gray,fc2fd2b8d14eafd28e3d9a0b34c26377df00b5543e42eec7b50f0c06b7d7ccb4,133660,326,410,500,L(raw),029,right_index,nonlivescan_plain,good
minex,minexiii/validation/validation_imagery_raw/a029_03.gray,c0883ed763b174b6c2dc0dd7731b6d19cb808fc15cbf6b63e6b4a7502d5865d3,142524,333,428,500,L(raw),029,right_middle,nonlivescan_plain,verygood
minex,minexiii/validation/validation_imagery_raw/a029_04.gray,cc6758cc34d558cb686e0a86fc360a3b801994c0de44ab8d76d6ba018216f4e5,151803,303,501,500,L(raw),029,right_ring,nonlivescan_plain,verygood
minex,minexiii/validation/validation_imagery_raw/a029_05.gray,a7ccd333f5ff3ce69c7a61ad5e91aeca870a47106f2ab1fda7f09161a0c3abb7,112711,269,419,500,L(raw),029,right_little,nonlivescan_plain,good
minex,minexiii/validation/validation_imagery_raw/a029_07.gray,0ba4f68f72d009c99408ca0db3376a6a81f22d21fbadc441830174a4f2037897,141789,313,453,500,L(raw),029,left_index,nonlivescan_plain,good
minex,minexiii/validation/validation_imagery_raw/a029_08.gray,e902b931bdfdcba8f71262fc4ecde19b0e8b7eadafc177f8d26e69e396a76640,137852,286,482,500,L(raw),029,left_middle,nonlivescan_plain,good
minex,minexiii/validation/validation_imagery_raw/a029_09.gray,ea3d10ce2f8b8a917d5cef98ee314d3fe0c6d5adcb4d6e7c2a55152a8b5347fc,135894,319,426,500,L(raw),029,left_ring,nonlivescan_plain,verygood
minex,minexiii/validation/validation_imagery_raw/a029_10.gray,9fb2ece6544831ca89a70bfaa6e23f3b69fd5538869f8bae4fff6eabf018366a,109725,275,399,500,L(raw),029,left_little,nonlivescan_plain,fair
minex,minexiii/validation/validation_imagery_raw/a030_02.gray,5b6fe0f2a16642f0a786bc8f19da94885fa1c69a1852696b00642e01b560de17,150887,319,473,500,L(raw),030,right_index,nonlivescan_plain,good
minex,minexiii/validation/validation_imagery_raw/a030_03.gray,b0f7c79275d7d22410528af789b1ad736fd0e4c32609ab0d48c1772a53743cb4,173340,324,535,500,L(raw),030,right_middle,nonlivescan_plain,excellent
minex,minexiii/validation/validation_imagery_raw/a030_04.gray,9e7bd70e240fa5ad90cfd4145317ce6448b1b0c21e96edf9869ee6c2acd664ee,176085,315,559,500,L(raw),030,right_ring,nonlivescan_plain,excellent
minex,minexiii/validation/validation_imagery_raw/a030_05.gray,062565ed5d9d0a281aef4c1ee7e7e126d153307fac8fed76a27d2cca483d5261,135073,293,461,500,L(raw),030,right_little,nonlivescan_plain,good
minex,minexiii/validation/validation_imagery_raw/a030_07.gray,dcdb28325acc1b05c5bbb49131a40e108a4ad15ad727504e3c6f61a3cc0c9263,162498,371,438,500,L(raw),030,left_index,nonlivescan_plain,good
minex,minexiii/validation/validation_imagery_raw/a030_08.gray,d3a1ce69d0d635d3bc974704fbf8d52a2ce9c2862e926d6d3c5502c348077c78,163845,331,495,500,L(raw),030,left_middle,nonlivescan_plain,excellent
minex,minexiii/validation/validation_imagery_raw/a030_09.gray,cae513b5d9b04375d0fa0b8030f1e4f917c2164eb9194fab8fc3dbbbb30a87d7,149985,303,495,500,L(raw),030,left_ring,nonlivescan_plain,verygood
minex,minexiii/validation/validation_imagery_raw/a030_10.gray,f39f04213c4233e2e81c973663421677b4c3260714121366c4c38f1cb94ffe29,119075,275,433,500,L(raw),030,left_little,nonlivescan_plain,good
minex,minexiii/validation/validation_imagery_raw/a031_02.gray,1d3a512cab84d0330f266e2c258b64b5d997dbaba3148f5c69145b50bbe5165e,188224,346,544,500,L(raw),031,right_index,nonlivescan_plain,verygood
minex,minexiii/validation/validation_imagery_raw/a031_03.gray,91cfb19a29bacb14e3cc86716a446a6884c905c90467e8edac7cf84f7e9188bd,180395,331,545,500,L(raw),031,right_middle,nonlivescan_plain,verygood
minex,minexiii/validation/validation_imagery_raw/a031_04.gray,351435b86ba5f92853f876306d77ef1144b97873dd3f6a647df2c9c257bab359,172451,331,521,500,L(raw),031,right_ring,nonlivescan_plain,verygood
minex,minexiii/validation/validation_imagery_raw/a031_05.gray,ab7c8000c3d47d5b7f137c8fad5bdb0767dca8d073d8357a69313bd4989bec39,186732,364,513,500,L(raw),031,right_little,nonlivescan_plain,good
minex,minexiii/validation/validation_imagery_raw/a031_07.gray,0171f28255d1f577a186c97412eac07913fa83af7b909030a1cbb5d31558b206,200013,363,551,500,L(raw),031,left_index,nonlivescan_plain,verygood
minex,minexiii/validation/validation_imagery_raw/a031_08.gray,8f4bedfcc763903f3e028ea56f4a2da8bedc36aa64a409b015e8c84bda7bfdd0,190405,337,565,500,L(raw),031,left_middle,nonlivescan_plain,excellent
minex,minexiii/validation/validation_imagery_raw/a031_09.gray,4432b8524582694ffa06f94d8e8aa6ee98478ca92ca0af69e68e0b4aa0081d44,166599,321,519,500,L(raw),031,left_ring,nonlivescan_plain,excellent
minex,minexiii/validation/validation_imagery_raw/a031_10.gray,80357f6dfdf4f431ebe7262ca67784bbd3f4ac141e0232add01e409706939180,135651,309,439,500,L(raw),031,left_little,nonlivescan_plain,verygood
minex,minexiii/validation/validation_imagery_raw/a032_02.gray,58603fa4cbf9e17c92c150ac434723ff95032d37fc78faa7548b7befdce43dc5,123849,297,417,500,L(raw),032,right_index,nonlivescan_plain,poor
minex,minexiii/validation/validation_imagery_raw/a032_03.gray,28f56839dcf22a71d2d5f5e4d7393221847b75d90bdf97e4887358e8a3441ba6,170502,314,543,500,L(raw),032,right_middle,nonlivescan_plain,good
minex,minexiii/validation/validation_imagery_raw/a032_04.gray,ea4e522af1b03e5423fbc34639f41cbc8a19d1b7b76da11c43b588c498915ab1,151775,325,467,500,L(raw),032,right_ring,nonlivescan_plain,fair
minex,minexiii/validation/validation_imagery_raw/a032_05.gray,94c1a05f029c20c0b9485f96eb5f9d4b2210945e0bc93911e9eb62d4ba82ca21,90249,201,449,500,L(raw),032,right_little,nonlivescan_plain,poor
minex,minexiii/validation/validation_imagery_raw/a032_07.gray,6d4b10f28dd900c723a23c7cae5d7f74126d010279855d694194fd39de6b023f,149634,306,489,500,L(raw),032,left_index,nonlivescan_plain,fair
minex,minexiii/validation/validation_imagery_raw/a032_08.gray,98e7ce91b1ada01326f5d5b221cd176aea9b91623708fe30b704eb7acfa9f189,179180,340,527,500,L(raw),032,left_middle,nonlivescan_plain,verygood
minex,minexiii/validation/validation_imagery_raw/a032_09.gray,54b5c53185dde5186fb369d3872c94edabf8e4a421df2d08abc442d237c42801,154662,298,519,500,L(raw),032,left_ring,nonlivescan_plain,excellent
minex,minexiii/validation/validation_imagery_raw/a032_10.gray,415a72f987b6f71390bedc296fdc59130107708dfde3cb8ac5c2bc467068f70d,95550,294,325,500,L(raw),032,left_little,nonlivescan_plain,verygood
minex,minexiii/validation/validation_imagery_raw/a033_02.gray,f6920a55fbd75e269b8b970396ff7ee1fb4c60d3bc8c705c5c2ff6411fb8e324,167970,330,509,500,L(raw),033,right_index,nonlivescan_plain,verygood
minex,minexiii/validation/validation_imagery_raw/a033_03.gray,477aab48a4b1da18070abec04d1289b147a7cd2b1a860f4d5fa40fead318c3e6,140096,352,398,500,L(raw),033,right_middle,nonlivescan_plain,verygood
minex,minexiii/validation/validation_imagery_raw/a033_04.gray,d97b32431237912ba7b70b40fc40bb4a87e869ece9af844894e3c6f6a2bebec4,182654,337,542,500,L(raw),033,right_ring,nonlivescan_plain,excellent
minex,minexiii/validation/validation_imagery_raw/a033_05.gray,f13e3e0a66bc56af35ec74dfe29347051a6df7ef783206934ac23fccad0beaf1,128736,288,447,500,L(raw),033,right_little,nonlivescan_plain,good
minex,minexiii/validation/validation_imagery_raw/a033_07.gray,785bc0817c0a356ff1ec2d76af432449aa6c6d98d6f3e3d0bb22cc02b5afbf9b,156519,297,527,500,L(raw),033,left_index,nonlivescan_plain,fair
minex,minexiii/validation/validation_imagery_raw/a033_08.gray,fadbb1dfaaf9849a4b2f8680f3d3c2816c1fa3c2ac06ef2f32210c4dc2f6c798,158313,339,467,500,L(raw),033,left_middle,nonlivescan_plain,verygood
minex,minexiii/validation/validation_imagery_raw/a033_09.gray,95dae9be6fb37050572bc14ad15aef61abce35939c5075f586ee3994bd601ac1,185906,343,542,500,L(raw),033,left_ring,nonlivescan_plain,good
minex,minexiii/validation/validation_imagery_raw/a033_10.gray,369a01c5c3fb5e1ef34e3e62803a30a20e2cf9607a24edea336a2cf4e8bf7aa3,153438,321,478,500,L(raw),033,left_little,nonlivescan_plain,fair
minex,minexiii/validation/validation_imagery_raw/a034_02.gray,666099d786fb4e7dfe4c3c4e87b7399d1f5be9e8ccdd36f948e40bd7c1b00d34,115443,303,381,500,L(raw),034,right_index,nonlivescan_plain,poor
minex,minexiii/validation/validation_imagery_raw/a034_03.gray,8d92a32ed53842a9be445f9dbf208fa02c6a1423b1aef946304eb106ceca97f6,101235,255,397,500,L(raw),034,right_middle,nonlivescan_plain,verygood
minex,minexiii/validation/validation_imagery_raw/a034_04.gray,3fcd3ff81ec21248f624cab069364f4c8ad4f6d26d981e79ce2c107d875646f6,84315,219,385,500,L(raw),034,right_ring,nonlivescan_plain,poor
minex,minexiii/validation/validation_imagery_raw/a034_05.gray,c2343bf252a1431c8df9f2251da0bb54135e1144148111dda2d4861c62855634,69179,209,331,500,L(raw),034,right_little,nonlivescan_plain,poor
minex,minexiii/validation/validation_imagery_raw/a034_07.gray,88c2e4b0245c51ddf177b67449ce703a64b603136c6b0e50be337138d0bf3c5d,95914,238,403,500,L(raw),034,left_index,nonlivescan_plain,good
minex,minexiii/validation/validation_imagery_raw/a034_08.gray,9a2936a35e9c3d511875b28f6acde63ddcbddf57d6132f93a8a73897cdbe0405,86412,228,379,500,L(raw),034,left_middle,nonlivescan_plain,verygood
minex,minexiii/validation/validation_imagery_raw/a034_09.gray,c9aad7ac5d56024b8cd61a74bfea37ccc88865ce8329f31299b43937dad54ea6,91778,218,421,500,L(raw),034,left_ring,nonlivescan_plain,good
minex,minexiii/validation/validation_imagery_raw/a034_10.gray,376995ca173790c69027bfa261ec133f4e0db93984d24fb95240ec0de9fbe1a4,86394,238,363,500,L(raw),034,left_little,nonlivescan_plain,poor
minex,minexiii/validation/validation_imagery_raw/a035_02.gray,a7333a2b05faa8e46eb465840750e143bdc637c27046b2430c02a2dbae9e8d31,119085,255,467,500,L(raw),035,right_index,nonlivescan_plain,verygood
minex,minexiii/validation/validation_imagery_raw/a035_03.gray,87daeb3ded33541a3d34e5d216b27b75e9015a5043c2bc6393dd89fa2d0f1f85,122670,261,470,500,L(raw),035,right_middle,nonlivescan_plain,excellent
minex,minexiii/validation/validation_imagery_raw/a035_04.gray,26fd2f8e69c09d76b494cae66979cb83ef3296be3cd1bd7464aa8379d828e5e8,101925,225,453,500,L(raw),035,right_ring,nonlivescan_plain,excellent
minex,minexiii/validation/validation_imagery_raw/a035_05.gray,41c9e8203cabc5f6423a9f7e9813f80a5341cb834a82da519e4cdf060a2a887a,105989,263,403,500,L(raw),035,right_little,nonlivescan_plain,verygood
minex,minexiii/validation/validation_imagery_raw/a035_07.gray,237f37e3c25ed718e8cd0b3700ba0abc5a2a93adb5e3f1d6cf1d6521e3bbd77d,131130,282,465,500,L(raw),035,left_index,nonlivescan_plain,good
minex,minexiii/validation/validation_imagery_raw/a035_08.gray,0d29d92207063efdd21803959fe40bd1e32aa20beced62a5b3758efa54fa695d,124476,276,451,500,L(raw),035,left_middle,nonlivescan_plain,verygood
minex,minexiii/validation/validation_imagery_raw/a035_09.gray,6e58c8639061d32cc9e79538661b23cca82bf2fde61e86c0f16a777b9e1b47bb,117279,249,471,500,L(raw),035,left_ring,nonlivescan_plain,verygood
minex,minexiii/validation/validation_imagery_raw/a035_10.gray,0972ee5236f014b698c0c9bafd8f0ecc8199e361247cd4f495cf4084ed498ee6,103675,275,377,500,L(raw),035,left_little,nonlivescan_plain,verygood
minex,minexiii/validation/validation_imagery_raw/a036_02.gray,a23a32f0a7fab1ba6639a373c60088d646941f7a77df711ef04e163aa9ce699f,86267,281,307,500,L(raw),036,right_index,nonlivescan_plain,good
minex,minexiii/validation/validation_imagery_raw/a036_03.gray,68064ff4923fbcbf88e93e5bc6eab8bf9cd0d886158cf7150dd7f566e3888e23,96368,317,304,500,L(raw),036,right_middle,nonlivescan_plain,good
minex,minexiii/validation/validation_imagery_raw/a036_04.gray,7665019298d04cd6e32ab38d7a2f4b018fb22df7a677d69ec42f75d0870e95cc,158424,328,483,500,L(raw),036,right_ring,nonlivescan_plain,good
minex,minexiii/validation/validation_imagery_raw/a036_05.gray,c2db1d66d174a193347182853d31e71222f3fce27ff409fb960d5eb17ab298cb,121905,301,405,500,L(raw),036,right_little,nonlivescan_plain,good
minex,minexiii/validation/validation_imagery_raw/a036_07.gray,eec0b4d7d751b2ddc4ba7caa43d3448280be606762424298d1e7afe414447ce5,126007,329,383,500,L(raw),036,left_index,nonlivescan_plain,verygood
minex,minexiii/validation/validation_imagery_raw/a036_08.gray,81bd2b6677f1ce56d2d6d1b04e56add5956e957648519ddad067f2a650498d7c,64272,309,208,500,L(raw),036,left_middle,nonlivescan_plain,poor
minex,minexiii/validation/validation_imagery_raw/a036_09.gray,8d62d81c833546acf477fd91a1f47798e2aee443c9eebae99a1995480124c981,129523,323,401,500,L(raw),036,left_ring,nonlivescan_plain,good
minex,minexiii/validation/validation_imagery_raw/a036_10.gray,9337ab77e134a8795927917af2fa406ba2e4e845aeebfc3ded7375174604b982,139403,319,437,500,L(raw),036,left_little,nonlivescan_plain,poor
minex,minexiii/validation/validation_imagery_raw/a037_02.gray,9b97549eb8183239838161ae86126172597b665583d0d2d79080f4dd259b555b,130662,306,427,500,L(raw),037,right_index,nonlivescan_plain,verygood
minex,minexiii/validation/validation_imagery_raw/a037_03.gray,5eff45f342b17d4d2bee7fdba7c3338cf4103747db8a37c1ce9783179a8d5cf1,82940,290,286,500,L(raw),037,right_middle,nonlivescan_plain,verygood
minex,minexiii/validation/validation_imagery_raw/a037_04.gray,7efb94d66deb8cc90b6ca847060a8a87fa4910d03f13b10231095f43793a26ba,112497,231,487,500,L(raw),037,right_ring,nonlivescan_plain,poor
minex,minexiii/validation/validation_imagery_raw/a037_05.gray,2fb0eb9abe8f3ff484365fdd6b7539077813daa5ac4a663bead41243421cde2e,89505,255,351,500,L(raw),037,right_little,nonlivescan_plain,good
minex,minexiii/validation/validation_imagery_raw/a037_07.gray,e9b37711a60cc395add3af01d89610f45d16c5e04238e1153a8ed0b128dd99ca,147882,294,503,500,L(raw),037,left_index,nonlivescan_plain,verygood
minex,minexiii/validation/validation_imagery_raw/a037_08.gray,0bf73aa105342e42a666655c1debb31390fdd979aa0477057b6e27281ae03d35,85878,234,367,500,L(raw),037,left_middle,nonlivescan_plain,good
minex,minexiii/validation/validation_imagery_raw/a037_09.gray,8d33194d8b297d0069a653b18809ae8bee0af9c1373325e6e5f33e2567a99522,169874,314,541,500,L(raw),037,left_ring,nonlivescan_plain,good
minex,minexiii/validation/validation_imagery_raw/a037_10.gray,39aaf1ed9e40aeb38d3f6ce4ef45aed708bf6a74e40b680deaca260b3ea571e5,80764,244,331,500,L(raw),037,left_little,nonlivescan_plain,good
minex,minexiii/validation/validation_imagery_raw/a038_02.gray,3510f67bbee2934da5e929d6e54fb0326bf3f13116793f2194b0310bce06e409,167127,339,493,500,L(raw),038,right_index,nonlivescan_plain,excellent
minex,minexiii/validation/validation_imagery_raw/a038_03.gray,96768fd74ad3e03f71b6a7f028a101f3e9a28c433af7c4ff1ac358d7d74c48e8,131021,277,473,500,L(raw),038,right_middle,nonlivescan_plain,excellent
minex,minexiii/validation/validation_imagery_raw/a038_04.gray,3d3a06775ebe700fd1eae08d89fc299206691a8aeebf154cc69749b5ef3626dd,169803,331,513,500,L(raw),038,right_ring,nonlivescan_plain,excellent
minex,minexiii/validation/validation_imagery_raw/a038_05.gray,5b71b3f2aa484669ba385afac2bad045d9d4e582df1311d8a3a6359e4825698a,143325,315,455,500,L(raw),038,right_little,nonlivescan_plain,verygood
minex,minexiii/validation/validation_imagery_raw/a038_07.gray,f245fb7302dbbf6185f07f557b535cfb2ca152992f224ee4d20c660b8b2df9cd,150639,337,447,500,L(raw),038,left_index,nonlivescan_plain,excellent
minex,minexiii/validation/validation_imagery_raw/a038_08.gray,9d428f7dfdf310d2a4d11972d90f9835e7a2da70b9920a3b7b068a21784a2ca9,152145,315,483,500,L(raw),038,left_middle,nonlivescan_plain,excellent
minex,minexiii/validation/validation_imagery_raw/a038_09.gray,db7364a3a747338e3e6c3329967353374b9d6ac8f1c7778c7f3f45b2029a8658,134487,293,459,500,L(raw),038,left_ring,nonlivescan_plain,excellent
minex,minexiii/validation/validation_imagery_raw/a038_10.gray,f689f72f19b39877289614813ca0d41442bcd3e95cc07c78aa0b2b28f3b620c0,113190,294,385,500,L(raw),038,left_little,nonlivescan_plain,good
minex,minexiii/validation/validation_imagery_raw/a039_02.gray,347f596946f413520dcf2d03ec8bdb2e396dcf0b852d90e50949899284758441,210447,349,603,500,L(raw),039,right_index,nonlivescan_plain,good
minex,minexiii/validation/validation_imagery_raw/a039_03.gray,d961bee48763aa70746fe1509e78ef53273201990e7288972d9ec6be3328b72e,168544,368,458,500,L(raw),039,right_middle,nonlivescan_plain,verygood
minex,minexiii/validation/validation_imagery_raw/a039_04.gray,4e69569f368081f78631298e242af15e7b796b5873ce1e97bfa8e13f1a70a8f0,170522,337,506,500,L(raw),039,right_ring,nonlivescan_plain,verygood
minex,minexiii/validation/validation_imagery_raw/a039_05.gray,7c902c3c25f977743eb77f7e1f807f9980efaa948722b62095b744cc7fec8fd8,94371,249,379,500,L(raw),039,right_little,nonlivescan_plain,poor
minex,minexiii/validation/validation_imagery_raw/a039_07.gray,0be034ed6f609305226ccfd0c1b246a32a24a7b250fb3116c358eac8a72debd5,139683,303,461,500,L(raw),039,left_index,nonlivescan_plain,good
minex,minexiii/validation/validation_imagery_raw/a039_08.gray,99e012783df37389e85b60edac4a3c99306c459d2a5fd54943076ce3d47058f0,170624,344,496,500,L(raw),039,left_middle,nonlivescan_plain,verygood
minex,minexiii/validation/validation_imagery_raw/a039_09.gray,dd3c58ed97b93fad8f2a28269f1bfd3775f5e904a9dd91b50ab47e06c7923398,152055,327,465,500,L(raw),039,left_ring,nonlivescan_plain,verygood
minex,minexiii/validation/validation_imagery_raw/a039_10.gray,d08928ed8a5e3b0c555ad39df796b72afcf921c07ea1c9f4680e4db70ffec3d8,88452,324,273,500,L(raw),039,left_little,nonlivescan_plain,verygood
minex,minexiii/validation/validation_imagery_raw/a040_02.gray,b834375abc45012050517dc04b1f89755edb9ac1bbe9df853d6a169c30536a0d,134251,299,449,500,L(raw),040,right_index,nonlivescan_plain,excellent
minex,minexiii/validation/validation_imagery_raw/a040_03.gray,9218d0c967607eda697c80b8ff58910e2765b09e71dff1b11e6216887dd7efd1,163016,328,497,500,L(raw),040,right_middle,nonlivescan_plain,verygood
minex,minexiii/validation/validation_imagery_raw/a040_04.gray,3cb76a0325e1708b8c4745b3c09a7df9040721c4825a5226864c36528d9166a5,144531,303,477,500,L(raw),040,right_ring,nonlivescan_plain,verygood
minex,minexiii/validation/validation_imagery_raw/a040_05.gray,9f50b813105a3c3e0ba422fd9db05232f193a4cace26cbcdb68f0f6f5dd1eaa5,54275,167,325,500,L(raw),040,right_little,nonlivescan_plain,poor
minex,minexiii/validation/validation_imagery_raw/a040_07.gray,16ad25f6cb7d9ce9040cbcc0182700b35a7f8cc1a51ef62cd10013ad3d11c01f,144449,293,493,500,L(raw),040,left_index,nonlivescan_plain,excellent
minex,minexiii/validation/validation_imagery_raw/a040_08.gray,e8482fe78cbd6f703654dc3771af13070267d2a71ae227f515042cad989cb931,93024,288,323,500,L(raw),040,left_middle,nonlivescan_plain,good
minex,minexiii/validation/validation_imagery_raw/a040_09.gray,60013db8034e90f6e54e57fdb4f977dd0cfc18bde16d13c3d184639d156302ce,155184,318,488,500,L(raw),040,left_ring,nonlivescan_plain,verygood
minex,minexiii/validation/validation_imagery_raw/a040_10.gray,b37c465b1bb974c768f3fa6a6bcaf5f6eb46489854bcb8a727c510cefcec8192,118833,277,429,500,L(raw),040,left_little,nonlivescan_plain,verygood
minex,minexiii/validation/validation_imagery_raw/a041_02.gray,5328c1c738ed320f2dd93d9ff1f87fb60883371c76fcfefeb497d2e8864c87fd,101413,269,377,500,L(raw),041,right_index,nonlivescan_plain,verygood
minex,minexiii/validation/validation_imagery_raw/a041_03.gray,02cbf5b13260fb5db5acff8d8381f5240e93b740469344881833794166c2fa0d,98059,247,397,500,L(raw),041,right_middle,nonlivescan_plain,verygood
minex,minexiii/validation/validation_imagery_raw/a041_04.gray,38f954ebf399297ec5e8f2711459383e92372c88972e9926593fb9eb2b48cc3f,110805,267,415,500,L(raw),041,right_ring,nonlivescan_plain,verygood
minex,minexiii/validation/validation_imagery_raw/a041_05.gray,3d5d21cf690640896315be55698bc9dd18d9fd36906fbf4d75479a488f928ebd,84952,259,328,500,L(raw),041,right_little,nonlivescan_plain,verygood
minex,minexiii/validation/validation_imagery_raw/a041_07.gray,a6c4a0b5b51c43a12a18760e64609bcfb980ca5a1bb4df7ee8de3d9ab7ce3779,112575,285,395,500,L(raw),041,left_index,nonlivescan_plain,excellent
minex,minexiii/validation/validation_imagery_raw/a041_08.gray,021e6a345d670e5f80db8e1da15480179d389cffab98a81238b3655e4dbc7c79,99185,239,415,500,L(raw),041,left_middle,nonlivescan_plain,verygood
minex,minexiii/validation/validation_imagery_raw/a041_09.gray,80eecf69659093725501081ff8f414727dcfb680717ac8ee08c3b50a0b0b2026,114543,267,429,500,L(raw),041,left_ring,nonlivescan_plain,verygood
minex,minexiii/validation/validation_imagery_raw/a041_10.gray,ca2d3f745b896c4c19a05ccc4ca9a5a9d03ac9cd9db6a0feea098edd68414baa,75151,223,337,500,L(raw),041,left_little,nonlivescan_plain,verygood
minex,minexiii/validation/validation_imagery_raw/a042_02.gray,89049f4b626adeb0282f2161165679eb73060000438d6e27f4671d73a729f9da,195360,370,528,500,L(raw),042,right_index,nonlivescan_plain,verygood
minex,minexiii/validation/validation_imagery_raw/a042_03.gray,c6ad0f7a7851c01de3c7ddcbb4a81d11f10b9cc641a56d8c6df7a0f663034a1c,242004,402,602,500,L(raw),042,right_middle,nonlivescan_plain,verygood
minex,minexiii/validation/validation_imagery_raw/a042_04.gray,767eab8781c96035f27dd64fc9f27a501d2a878234d9a2e202d2cdc758c9e139,237460,383,620,500,L(raw),042,right_ring,nonlivescan_plain,excellent
minex,minexiii/validation/validation_imagery_raw/a042_05.gray,9d2d15ca9b0206730285baa55a89862e63df49f3c38393dad5cb5c84a10ee220,166408,341,488,500,L(raw),042,right_little,nonlivescan_plain,good
minex,minexiii/validation/validation_imagery_raw/a042_07.gray,ec1f2638976276930050f4a5d1827b92c606d8fd6cd55a09f87d19167c116c1a,194400,360,540,500,L(raw),042,left_index,nonlivescan_plain,good
minex,minexiii/validation/validation_imagery_raw/a042_08.gray,0902622713f3e6e775100d8a5ded344e489b738d700d56dadd33034a0a73134f,85505,349,245,500,L(raw),042,left_middle,nonlivescan_plain,verygood
minex,minexiii/validation/validation_imagery_raw/a042_09.gray,faf47b1b40f0597a11ce1ac666fce7fd2d27cc1f783ea9d24a8e803a1b5ce1f7,137655,345,399,500,L(raw),042,left_ring,nonlivescan_plain,verygood
minex,minexiii/validation/validation_imagery_raw/a042_10.gray,3d0791ff0ddef30f8aa967dea7cf84da9cb2ebb786089d9afe0f168703843aff,184680,342,540,500,L(raw),042,left_little,nonlivescan_plain,verygood
minex,minexiii/validation/validation_imagery_raw/a043_02.gray,aa4e645e3f41253b911587376fc058a041c8e4f7c6e568dbe238933654da7dd6,128169,303,423,500,L(raw),043,right_index,nonlivescan_plain,fair
minex,minexiii/validation/validation_imagery_raw/a043_03.gray,7d4a3f68ad67b23f3b974977608d64fc7d8978ad38a9424919e76db3dd53a65a,166586,326,511,500,L(raw),043,right_middle,nonlivescan_plain,verygood
minex,minexiii/validation/validation_imagery_raw/a043_04.gray,7b26a4b62b7be5ecf526404aea9fd1e6198fb8e8b03f01ffea706b5b54412299,142755,307,465,500,L(raw),043,right_ring,nonlivescan_plain,verygood
minex,minexiii/validation/validation_imagery_raw/a043_05.gray,b7dd34cbe3bd01bc6362bf7f359dc1bcc07d5618b6608a0571a79dd45f772964,103085,265,389,500,L(raw),043,right_little,nonlivescan_plain,good
minex,minexiii/validation/validation_imagery_raw/a043_07.gray,b6f7a500d0536c3bff5174ef8195d6ea2b227fe21d20eb6a8b329efb498376a3,147981,321,461,500,L(raw),043,left_index,nonlivescan_plain,good
minex,minexiii/validation/validation_imagery_raw/a043_08.gray,64eb1fb7768cf97a7747b673ab255ba91f756e86fb92e2d91a42750a219c3135,151525,319,475,500,L(raw),043,left_middle,nonlivescan_plain,excellent
minex,minexiii/validation/validation_imagery_raw/a043_09.gray,f018fa8c0d16aa7b28caa043cec41dc180b79fa0e5768ed45011cf8d2e243f11,153117,321,477,500,L(raw),043,left_ring,nonlivescan_plain,excellent
minex,minexiii/validation/validation_imagery_raw/a043_10.gray,3bd9e5227b6b0f87609d607ba3d2cdfbed69cd0a7cafc64e42d587d88812055f,102336,328,312,500,L(raw),043,left_little,nonlivescan_plain,good
minex,minexiii/validation/validation_imagery_raw/a044_02.gray,523add3197c47405ce4ac5032e17ca88cdce5258d2153f0ef563e358ad218982,157267,319,493,500,L(raw),044,right_index,nonlivescan_plain,verygood
minex,minexiii/validation/validation_imagery_raw/a044_03.gray,91c2c7ea506072063947787f32ccc0fa45f669f1a82f2648c4c3baf15a4aa5e3,109740,310,354,500,L(raw),044,right_middle,nonlivescan_plain,verygood
minex,minexiii/validation/validation_imagery_raw/a044_04.gray,93d4eeefcbee7c58b588639d0316de589a07e77ba81e8bc96c034ef26810f2b9,108813,249,437,500,L(raw),044,right_ring,nonlivescan_plain,verygood
minex,minexiii/validation/validation_imagery_raw/a044_05.gray,45d207dcb52ce95e703e38b7492f94a27f322a1528905cf595fe5efc3604690a,116482,278,419,500,L(raw),044,right_little,nonlivescan_plain,verygood
minex,minexiii/validation/validation_imagery_raw/a044_07.gray,9ed2f294bae4652f8d2fc168b483ec519c9d3216b3f6655f2944450864efb2df,117171,277,423,500,L(raw),044,left_index,nonlivescan_plain,verygood
minex,minexiii/validation/validation_imagery_raw/a044_08.gray,783245d3f6885b9583b3a429d1b8379100c880df408dab59bbe937720c798a2c,107341,299,359,500,L(raw),044,left_middle,nonlivescan_plain,good
minex,minexiii/validation/validation_imagery_raw/a044_09.gray,7c035e80c84d15511bbb2348fa26edc1c595d92752052902b1ce204df4501bb5,154227,303,509,500,L(raw),044,left_ring,nonlivescan_plain,verygood
minex,minexiii/validation/validation_imagery_raw/a044_10.gray,73468743825e2c55aeab9130f72cef0942210bab57f88a9278202dfabfb88d2b,114929,281,409,500,L(raw),044,left_little,nonlivescan_plain,good
minex,minexiii/validation/validation_imagery_raw/a045_02.gray,fcf9833ead2935f9d308a0ad4f18d298393f6c25ab99d3f272cea92f83a85bf9,145600,320,455,500,L(raw),045,right_index,nonlivescan_plain,excellent
minex,minexiii/validation/validation_imagery_raw/a045_03.gray,766a692e277da9807585648fd24fe0883ce3a7f66ca5f9cf7be9717a96bc5c2f,140454,306,459,500,L(raw),045,right_middle,nonlivescan_plain,excellent
minex,minexiii/validation/validation_imagery_raw/a045_04.gray,d18d868ea3c13f27ab305148152163f70443830e98185c4f89a26bbb3b3cc052,140874,318,443,500,L(raw),045,right_ring,nonlivescan_plain,excellent
minex,minexiii/validation/validation_imagery_raw/a045_05.gray,b32883594b1f7f05e5744f34d4720fb48b3009e670d5c3b487468741a809cbcd,127410,310,411,500,L(raw),045,right_little,nonlivescan_plain,verygood
minex,minexiii/validation/validation_imagery_raw/a045_07.gray,0fe42b40e61368b3a2d450dadc9a7317509070fc831dd6c189ead55c79bf1455,165984,364,456,500,L(raw),045,left_index,nonlivescan_plain,verygood
minex,minexiii/validation/validation_imagery_raw/a045_08.gray,debb26baed1ac484f457cc69298b562afa0c36d8f77a44230a8f20fe8768428d,146633,331,443,500,L(raw),045,left_middle,nonlivescan_plain,verygood
minex,minexiii/validation/validation_imagery_raw/a045_09.gray,ec5746e1761549136ce36e9dad3b0eab3ed25ac093dd0a1e3cc8c2b0010df419,153765,335,459,500,L(raw),045,left_ring,nonlivescan_plain,excellent
minex,minexiii/validation/validation_imagery_raw/a045_10.gray,e95be44a7d007898c67f2eb4e49820c7e823839369d1e73bd6f236472320e79f,144485,355,407,500,L(raw),045,left_little,nonlivescan_plain,excellent
minex,minexiii/validation/validation_imagery_raw/a046_02.gray,b4530ecc2b0ec5e910dc318f772628a14dd634647cd5fb86585c89d1e30d0a4d,150304,308,488,500,L(raw),046,right_index,nonlivescan_plain,good
minex,minexiii/validation/validation_imagery_raw/a046_03.gray,64261e858113d22653d7b72c8eba16852dcb2c677fa8bd7d78ec8293d375c105,162841,301,541,500,L(raw),046,right_middle,nonlivescan_plain,verygood
minex,minexiii/validation/validation_imagery_raw/a046_04.gray,1db5876b8d701c10a3cdc9d40d4eb5da29d38b9f1a1df535c6caa88bdc7257d0,174535,335,521,500,L(raw),046,right_ring,nonlivescan_plain,excellent
minex,minexiii/validation/validation_imagery_raw/a046_05.gray,c517de16ce3a18c6773476102842c286eeede91daee57bf971ed72e21870e2d0,124832,332,376,500,L(raw),046,right_little,nonlivescan_plain,verygood
minex,minexiii/validation/validation_imagery_raw/a046_07.gray,fb7290935aea6497c8cb2f8a1c407bbde3e34203f357d9bf9dfbd66fc98ad0b5,159943,313,511,500,L(raw),046,left_index,nonlivescan_plain,verygood
minex,minexiii/validation/validation_imagery_raw/a046_08.gray,843b0c172a3657aa2025d5ffef850d56bcd0d4e9de4aac7437079106ac2ff80b,191197,347,551,500,L(raw),046,left_middle,nonlivescan_plain,good
minex,minexiii/validation/validation_imagery_raw/a046_09.gray,3fef48452dfe4a598f9dcdca64e1fa8040f104c328fa67acf444ea9fda0edf99,113035,235,481,500,L(raw),046,left_ring,nonlivescan_plain,good
minex,minexiii/validation/validation_imagery_raw/a046_10.gray,6d91ff45a492a8a2da2321adca2839777ed87c8203c7cfe745a0257dfb622fc1,124256,353,352,500,L(raw),046,left_little,nonlivescan_plain,good
minex,minexiii/validation/validation_imagery_raw/a047_02.gray,041995a564db2a5afeb4af345fb200bdb50dcff9cedf3924a47a4b8915f0b383,144921,309,469,500,L(raw),047,right_index,nonlivescan_plain,verygood
minex,minexiii/validation/validation_imagery_raw/a047_03.gray,e23b83e1663f2e5ced559797908da15a6aee08b82ef3ca53261a2c3e7dcc8ad6,151925,295,515,500,L(raw),047,right_middle,nonlivescan_plain,excellent
minex,minexiii/validation/validation_imagery_raw/a047_04.gray,9dbed686608163ead89051e4b255bbdd29d99fdb75592cf5dbea78e480fd03a3,146318,298,491,500,L(raw),047,right_ring,nonlivescan_plain,excellent
minex,minexiii/validation/validation_imagery_raw/a047_05.gray,321196edd9d1557fea8d112eab0641c5ef37245b33b12399e1cdf706166906ed,120065,295,407,500,L(raw),047,right_little,nonlivescan_plain,verygood
minex,minexiii/validation/validation_imagery_raw/a047_07.gray,26d7bc4a8b9487d432820151e4852198734a3d2e8053ea9b96c16936e023dfda,142845,321,445,500,L(raw),047,left_index,nonlivescan_plain,verygood
minex,minexiii/validation/validation_imagery_raw/a047_08.gray,18edf937cb82814531dbfb40b02f83b8037209f999009fe273d80fc8a0aff8ff,143100,300,477,500,L(raw),047,left_middle,nonlivescan_plain,excellent
minex,minexiii/validation/validation_imagery_raw/a047_09.gray,75c2886a78a84c2ad1b46f0a26fd18eb6cb42bd137dbcac689940a37e0be2eae,143221,299,479,500,L(raw),047,left_ring,nonlivescan_plain,excellent
minex,minexiii/validation/validation_imagery_raw/a047_10.gray,56f4d53c7e11529c5fe0ba0cf3553548e875fbe55a058b8cf5d0f153dcdc1a42,129019,317,407,500,L(raw),047,left_little,nonlivescan_plain,verygood
minex,minexiii/validation/validation_imagery_raw/a048_02.gray,092107af6ce95cd718ed56022f36979bb3f8e6b0746bb4c26d052e1f9033b0cb,178869,327,547,500,L(raw),048,right_index,nonlivescan_plain,excellent
minex,minexiii/validation/validation_imagery_raw/a048_03.gray,0de0f40324406e9d3216eff3d9916498783853cad8faf58551efb209f1702b42,268772,406,662,500,L(raw),048,right_middle,nonlivescan_plain,fair
minex,minexiii/validation/validation_imagery_raw/a048_04.gray,b124a4552d627508bd3ece4f924edd07e400019f7fb9fcaebd685751a3ebf5a2,158720,310,512,500,L(raw),048,right_ring,nonlivescan_plain,good
minex,minexiii/validation/validation_imagery_raw/a048_05.gray,34c1dd2cef05a8fdcb022e45bccdf4c2eecc9154128a21089310afaab9599a89,190903,349,547,500,L(raw),048,right_little,nonlivescan_plain,good
minex,minexiii/validation/validation_imagery_raw/a048_07.gray,6a0e8c532d232290ffc1f6a7eab33961b21b608d408c16d785a9936108916ebd,220414,382,577,500,L(raw),048,left_index,nonlivescan_plain,excellent
minex,minexiii/validation/validation_imagery_raw/a048_08.gray,a65543c1a061ce7e68d27abd5379793d381fad92fbe15b57cf6c67367a1afdc8,205216,352,583,500,L(raw),048,left_middle,nonlivescan_plain,excellent
minex,minexiii/validation/validation_imagery_raw/a048_09.gray,6479b4459f7fbee7027b12355a9fcb091bf011b20156fdaba0b07e2bc7cb5f01,213180,340,627,500,L(raw),048,left_ring,nonlivescan_plain,excellent
minex,minexiii/validation/validation_imagery_raw/a048_10.gray,2f3fb75b188700b76be82e0deaff4b9e9ee9b3f5b237699ffc98b72a4d87ade5,128312,344,373,500,L(raw),048,left_little,nonlivescan_plain,excellent
minex,minexiii/validation/validation_imagery_raw/a049_02.gray,96e9fc98d895084123a7079dc211d4582797ca9ff0019c1cec2a2eb1f733e321,149037,329,453,500,L(raw),049,right_index,nonlivescan_plain,good
minex,minexiii/validation/validation_imagery_raw/a049_03.gray,a1947dbe4435867e56c83706fde9d79f7975f50aa3d518a9d238df98c7f5076b,175551,359,489,500,L(raw),049,right_middle,nonlivescan_plain,good
minex,minexiii/validation/validation_imagery_raw/a049_04.gray,5029c6e9c1684530c880135ca218bb8d3227b4b007d3259bd3b229c50c433cfd,170515,335,509,500,L(raw),049,right_ring,nonlivescan_plain,poor
minex,minexiii/validation/validation_imagery_raw/a049_05.gray,e2846f868115dfbbfcb78d60ca7955226c048b84941c041927236e4074f6b313,86976,302,288,500,L(raw),049,right_little,nonlivescan_plain,poor
minex,minexiii/validation/validation_imagery_raw/a049_07.gray,d8febb1047213d58dc4a54b08c7418749cf110d4219224b2977a92d70df54516,166426,346,481,500,L(raw),049,left_index,nonlivescan_plain,good
minex,minexiii/validation/validation_imagery_raw/a049_08.gray,e620c6d7eff8c763ffb46e060c5367bae725d1a421611e4a2bd5099707a7b8a4,163268,343,476,500,L(raw),049,left_middle,nonlivescan_plain,verygood
minex,minexiii/validation/validation_imagery_raw/a049_09.gray,fc2a91f23e578f3528821951eec4f30815f1eb94d9fe9fabd8ec04f5b378b43e,133895,305,439,500,L(raw),049,left_ring,nonlivescan_plain,good
minex,minexiii/validation/validation_imagery_raw/a049_10.gray,1700234311feed05e06be674b9a0199b1c83e1b6737fb08ea71c3349dda894b7,100056,264,379,500,L(raw),049,left_little,nonlivescan_plain,fair
minex,minexiii/validation/validation_imagery_raw/a050_02.gray,6e410136ecb978b355ceb4f8556580c6c56b14a1ab86e0df3c0b93eaa2cce6ee,101413,269,377,500,L(raw),050,right_index,nonlivescan_plain,good
minex,minexiii/validation/validation_imagery_raw/a050_03.gray,4cfac84fad777c0841c4472d1f5392685413f40f0b267264226251c5826884f9,149296,301,496,500,L(raw),050,right_middle,nonlivescan_plain,good
minex,minexiii/validation/validation_imagery_raw/a050_04.gray,2ec17ba39f539e04c1d6469cb8a2aec44d71c2abfd6be4a0736848ae4d446860,163053,297,549,500,L(raw),050,right_ring,nonlivescan_plain,excellent
minex,minexiii/validation/validation_imagery_raw/a050_05.gray,c1e4a407bb8febc8031fecc522d437a02514d378f7a60d7153fe2c9fe8a386dc,157611,321,491,500,L(raw),050,right_little,nonlivescan_plain,verygood
minex,minexiii/validation/validation_imagery_raw/a050_07.gray,bb33bcbc102dfdafbdd32ebd2b0c6f1d48c41613be7c8677864564aa3b99274f,183923,349,527,500,L(raw),050,left_index,nonlivescan_plain,excellent
minex,minexiii/validation/validation_imagery_raw/a050_08.gray,a68183f328697695174d8e2a63b4839be18343b28512e4cf30ac2e97fdfebd8e,158424,322,492,500,L(raw),050,left_middle,nonlivescan_plain,verygood
minex,minexiii/validation/validation_imagery_raw/a050_09.gray,73fb71c56560d96e55815ec5a81f1889051ad90e526f41e6901dd84a4d5fbfaf,148087,281,527,500,L(raw),050,left_ring,nonlivescan_plain,verygood
minex,minexiii/validation/validation_imagery_raw/a050_10.gray,649cb4d401bae4878e762add2adff727e241abdcc3811fbb2db20f4b6c01164c,116510,305,382,500,L(raw),050,left_little,nonlivescan_plain,verygood
minex,minexiii/validation/validation_imagery_raw/b001_02.gray,b33923a42f767e96927718db84e455cb49090b97b539ce443190efb1804cd59e,164835,333,495,500,L(raw),001,right_index,nonlivescan_plain,verygood
minex,minexiii/validation/validation_imagery_raw/b001_03.gray,86f59b90fec8beea8c76435d278ee447c843bb1b148ae5cabcea5a779614173f,130240,320,407,500,L(raw),001,right_middle,nonlivescan_plain,verygood
minex,minexiii/validation/validation_imagery_raw/b001_04.gray,4e2e59190f01602a0849834e3ad4ce76ec76038d7b219ec4dd996af2b6e36e0b,133353,297,449,500,L(raw),001,right_ring,nonlivescan_plain,verygood
minex,minexiii/validation/validation_imagery_raw/b001_05.gray,57585c7d62991974364b6d3bdf4512f834411d5a4bea4c0dccc695033e16cfdb,128627,293,439,500,L(raw),001,right_little,nonlivescan_plain,verygood
minex,minexiii/validation/validation_imagery_raw/b001_07.gray,fe9aaabbe44c7c00f24aaa2f1a3576786f2701debea6adf0280dd6078fd9facd,158652,339,468,500,L(raw),001,left_index,nonlivescan_plain,verygood
minex,minexiii/validation/validation_imagery_raw/b001_08.gray,6f0d6a8b731a4373cc86bcd0b30272e8f92201f2ee55ee274ecf6b7b07f4fad9,117486,321,366,500,L(raw),001,left_middle,nonlivescan_plain,fair
minex,minexiii/validation/validation_imagery_raw/b001_09.gray,d07d6eebe408b79b61d96d2202d20d058dceb423c0fd922116804cfb3c0aa5fe,139690,305,458,500,L(raw),001,left_ring,nonlivescan_plain,verygood
minex,minexiii/validation/validation_imagery_raw/b001_10.gray,c30fc2829f4797222f271de2852ecfb521e41340ebaf9b86e4fb4eefba661b69,140431,317,443,500,L(raw),001,left_little,nonlivescan_plain,excellent
minex,minexiii/validation/validation_imagery_raw/b002_02.gray,2e76667bd31a1a42918bccaeb10ff584c6bf1c255e32293e6937be12262c99d0,219620,395,556,500,L(raw),002,right_index,nonlivescan_plain,verygood
minex,minexiii/validation/validation_imagery_raw/b002_03.gray,8f351f41103db658e8ef96917bcf1938eb7082e79deaa300bf834d071fad9e46,145668,366,398,500,L(raw),002,right_middle,nonlivescan_plain,good
minex,minexiii/validation/validation_imagery_raw/b002_04.gray,0f8b0d3ad8575280132f45da1cab9b05aae2a870323c9e5bebd3e8a42ff62ea7,184951,347,533,500,L(raw),002,right_ring,nonlivescan_plain,verygood
minex,minexiii/validation/validation_imagery_raw/b002_05.gray,531bcb88bc6799bff11170dc51ce608be6c62d28ba92f8ed835f80e9c0ce4526,147725,311,475,500,L(raw),002,right_little,nonlivescan_plain,verygood
minex,minexiii/validation/validation_imagery_raw/b002_07.gray,7c4234563e42d2dda32b0ae6c7d4f00efeae91a48816521f1470fe107c0cfa97,183913,353,521,500,L(raw),002,left_index,nonlivescan_plain,excellent
minex,minexiii/validation/validation_imagery_raw/b002_08.gray,64e350b9e9e590f48f5424a7efe36b355ef770931287d11846e72d951c60782a,152880,364,420,500,L(raw),002,left_middle,nonlivescan_plain,verygood
minex,minexiii/validation/validation_imagery_raw/b002_09.gray,c1963fbb74bc81fdb49c1b6abf864836131a2fd7ff99417df531d5fb47d04baa,176251,337,523,500,L(raw),002,left_ring,nonlivescan_plain,verygood
minex,minexiii/validation/validation_imagery_raw/b002_10.gray,c1165b3af31a46be143b809607b58a42e4809f07e6f12b67c0d47b64b34495b1,152932,346,442,500,L(raw),002,left_little,nonlivescan_plain,verygood
minex,minexiii/validation/validation_imagery_raw/b003_02.gray,a6faa10d4321ca0ed8cfc9be663a2dd8d45ed1e4e39c6158c2c5ce648724d45b,140481,297,473,500,L(raw),003,right_index,nonlivescan_plain,verygood
minex,minexiii/validation/validation_imagery_raw/b003_03.gray,89891a25a886cd37ad3024c1ffdeb2ece9503de38db22ea9574724c627bd4330,122715,303,405,500,L(raw),003,right_middle,nonlivescan_plain,good
minex,minexiii/validation/validation_imagery_raw/b003_04.gray,ca60dfea16b98d476f082100556007f1acefc6ebe32fe3f903848d9f77db60ad,137548,274,502,500,L(raw),003,right_ring,nonlivescan_plain,good
minex,minexiii/validation/validation_imagery_raw/b003_05.gray,beccfc2c38acfb86b52bd3fa1cfd85d2e1a45cce281128a507b0dbcf11bc492a,118577,283,419,500,L(raw),003,right_little,nonlivescan_plain,good
minex,minexiii/validation/validation_imagery_raw/b003_07.gray,269f2e00c17697de5ada4975b2619dfec2a2cf1ad0dbb4544d510dad25ccb550,114929,281,409,500,L(raw),003,left_index,nonlivescan_plain,fair
minex,minexiii/validation/validation_imagery_raw/b003_08.gray,50d21e506e910c4b01325cc5be4333b8e3fcdb92a08ff7aaf55c44d9a2cc369d,74752,292,256,500,L(raw),003,left_middle,nonlivescan_plain,poor
minex,minexiii/validation/validation_imagery_raw/b003_09.gray,9c18bd4394f9599a5d21da8bf834cf5d0f8d1d63b0728dcc3aba2a48c5143bd3,130221,273,477,500,L(raw),003,left_ring,nonlivescan_plain,good
minex,minexiii/validation/validation_imagery_raw/b003_10.gray,95288637c281824853239fc48e89b8efdb46064f3c4a19c4ed2dc2a40779d202,104599,257,407,500,L(raw),003,left_little,nonlivescan_plain,good
minex,minexiii/validation/validation_imagery_raw/b004_02.gray,30cd6add6324788b657a682e1905f1f25d107b1dac11a8d0a4ee08352441fc10,166495,335,497,500,L(raw),004,right_index,nonlivescan_plain,excellent
minex,minexiii/validation/validation_imagery_raw/b004_03.gray,2b376d30136aba2d0171aae2f62ed156b0c07cb239d2ebb85932762cdb920eb9,173580,330,526,500,L(raw),004,right_middle,nonlivescan_plain,good
minex,minexiii/validation/validation_imagery_raw/b004_04.gray,950cf1b2343e8dacce2754085862fb2109c1d29e12badf73284040654486b550,177344,326,544,500,L(raw),004,right_ring,nonlivescan_plain,verygood
minex,minexiii/validation/validation_imagery_raw/b004_05.gray,bd5008156a4882ade2c38890c3a5321d123881baf790f363aac4ab1fb120fc2c,101003,307,329,500,L(raw),004,right_little,nonlivescan_plain,poor
minex,minexiii/validation/validation_imagery_raw/b004_07.gray,b64b0ffaa8b50f6130c5ccb27456af5d089a9dcbcd0004911b5cd59088396ddf,183245,335,547,500,L(raw),004,left_index,nonlivescan_plain,verygood
minex,minexiii/validation/validation_imagery_raw/b004_08.gray,46c9196970daa2aa69d09c5d91951b0ab182a5994f55f80e61327e5cde99bb15,141525,333,425,500,L(raw),004,left_middle,nonlivescan_plain,good
minex,minexiii/validation/validation_imagery_raw/b004_09.gray,93f0e169db034c7312fdcb70ca1496bbb96fa90ff7fa53399a825d8e145164fe,143856,296,486,500,L(raw),004,left_ring,nonlivescan_plain,verygood
minex,minexiii/validation/validation_imagery_raw/b004_10.gray,a86f0bbdb94b7e25a300c21a09e0b492577044fa32e67fd3855619cc3da1471c,121482,306,397,500,L(raw),004,left_little,nonlivescan_plain,good
minex,minexiii/validation/validation_imagery_raw/b005_02.gray,5720111e180e1cfa036ffa4610b0f7a7ba71359ebcfd8c13ab562230da1de7ee,144855,333,435,500,L(raw),005,right_index,nonlivescan_plain,verygood
minex,minexiii/validation/validation_imagery_raw/b005_03.gray,e898baf1aa903eb98cd080392e4d68d92b010c6b6afaf5ab02ef3117f4d00784,93654,258,363,500,L(raw),005,right_middle,nonlivescan_plain,poor
minex,minexiii/validation/validation_imagery_raw/b005_04.gray,fd1e8fa38c4c810f164e037d6d223515123f3016c68eb9651e25995051d971be,163845,331,495,500,L(raw),005,right_ring,nonlivescan_plain,excellent
minex,minexiii/validation/validation_imagery_raw/b005_05.gray,201557f10ddbad769c1cca8914dc9a32636f064c86a9df022b4a750228109d10,142857,333,429,500,L(raw),005,right_little,nonlivescan_plain,excellent
minex,minexiii/validation/validation_imagery_raw/b005_07.gray,0c88d14d03057317a0cd8eb3edb764037cc107bba50713f826e0e1f96d3a900b,139855,337,415,500,L(raw),005,left_index,nonlivescan_plain,excellent
minex,minexiii/validation/validation_imagery_raw/b005_08.gray,632c5c1d1da8b18c0b2342c31482bd5a551b01286026364f4067905cd13d6127,160300,350,458,500,L(raw),005,left_middle,nonlivescan_plain,excellent
minex,minexiii/validation/validation_imagery_raw/b005_09.gray,4a072592d4aa05f8190fa6ee927145561e783181ec594bb7b6cfbd5a37ef3b5f,182991,337,543,500,L(raw),005,left_ring,nonlivescan_plain,excellent
minex,minexiii/validation/validation_imagery_raw/b005_10.gray,2f49851736005d357da7440dabe8b83dab1033f289143ece09d4d212b07b9be1,135877,329,413,500,L(raw),005,left_little,nonlivescan_plain,excellent
minex,minexiii/validation/validation_imagery_raw/b006_02.gray,be2f414c2325138659e706b60855d88b20ce937bcbc3aecf4db5c659972ea9fd,126840,280,453,500,L(raw),006,right_index,nonlivescan_plain,excellent
minex,minexiii/validation/validation_imagery_raw/b006_03.gray,fb09a3082c561a4ac804f8df00310bc1cd727598b513370a122560ce55e7225f,134994,302,447,500,L(raw),006,right_middle,nonlivescan_plain,excellent
minex,minexiii/validation/validation_imagery_raw/b006_04.gray,aa27ad9e23985b54c8d5ddf90ef2d063042cad8be991f952c489fb371be11f06,128414,286,449,500,L(raw),006,right_ring,nonlivescan_plain,verygood
minex,minexiii/validation/validation_imagery_raw/b006_05.gray,0bdbccc0e4b0d20e0bdcb3e0db4571da8a984b58033aea7d680537a0fc85746b,67328,256,263,500,L(raw),006,right_little,nonlivescan_plain,good
minex,minexiii/validation/validation_imagery_raw/b006_07.gray,edbb50c98f2b94ce619f3ed1e5e05b8bfbc2bc429f2df666143405eb95ba0223,128027,289,443,500,L(raw),006,left_index,nonlivescan_plain,good
minex,minexiii/validation/validation_imagery_raw/b006_08.gray,fdda0f398b93206c656c3fc90c6bb39849f81ff7c139bf4b628cd3e16847fc73,128772,292,441,500,L(raw),006,left_middle,nonlivescan_plain,excellent
minex,minexiii/validation/validation_imagery_raw/b006_09.gray,6817b1141ffd5648fd3ef347ebcde97b07a3b530e21ea2e822dd133778bdce71,123359,281,439,500,L(raw),006,left_ring,nonlivescan_plain,verygood
minex,minexiii/validation/validation_imagery_raw/b006_10.gray,2fa6863f43ad947ba44bfb3019056cac557b8924936796a1e0ac21da0b76c0d0,105671,251,421,500,L(raw),006,left_little,nonlivescan_plain,poor
minex,minexiii/validation/validation_imagery_raw/b007_02.gray,f1043322c430d259de81eabd072f6bab6ea2c11c33d018e51a6d80e4751caa43,153900,324,475,500,L(raw),007,right_index,nonlivescan_plain,verygood
minex,minexiii/validation/validation_imagery_raw/b007_03.gray,d97a45ed0bd5e7721989d689836f445fe37a733e83fed6292404fd934dae1562,148960,304,490,500,L(raw),007,right_middle,nonlivescan_plain,verygood
minex,minexiii/validation/validation_imagery_raw/b007_04.gray,bddac3dc15e5ac22dab2179870e89a1f9dda462e1772cb445815f53f480163fe,168476,308,547,500,L(raw),007,right_ring,nonlivescan_plain,verygood
minex,minexiii/validation/validation_imagery_raw/b007_05.gray,6cb67d98a88e289c11c2a73ccd7b9267d50224b239bc68a89bfa8d4701a5404e,129340,290,446,500,L(raw),007,right_little,nonlivescan_plain,good
minex,minexiii/validation/validation_imagery_raw/b007_07.gray,944296fa9f11f40139ebd833225c1105895da4198e6c87971b0f7dbe9be751f9,162771,337,483,500,L(raw),007,left_index,nonlivescan_plain,good
minex,minexiii/validation/validation_imagery_raw/b007_08.gray,e1a6330d783ca7c5224680156a02b9d823187be5bff6313c134e0ea3b01e394f,151191,321,471,500,L(raw),007,left_middle,nonlivescan_plain,good
minex,minexiii/validation/validation_imagery_raw/b007_09.gray,5f238a2997c1f300eead3e8f8b31247778decfe8ef4fd6885124c6f8725385ee,168405,327,515,500,L(raw),007,left_ring,nonlivescan_plain,verygood
minex,minexiii/validation/validation_imagery_raw/b007_10.gray,7ddf7c888182c3d06a4dbb6164f0fbaa7bf9e3c19d4d51083a1e9441cbc9bd19,63400,317,200,500,L(raw),007,left_little,nonlivescan_plain,good
minex,minexiii/validation/validation_imagery_raw/b008_02.gray,def3ff7917e877b53ee64f0d14232bca9e2f6167a0a70a370bfdf1bd998943c9,147423,313,471,500,L(raw),008,right_index,nonlivescan_plain,verygood
minex,minexiii/validation/validation_imagery_raw/b008_03.gray,349a07d3a5275c2afe44e6ea0d0e0b48399f37afab8387e874af131e07026396,104972,326,322,500,L(raw),008,right_middle,nonlivescan_plain,excellent
minex,minexiii/validation/validation_imagery_raw/b008_04.gray,4be69c89586fe6c544768293ff2bad9c4a141f280ddc89a21fc0f829a9823956,162197,329,493,500,L(raw),008,right_ring,nonlivescan_plain,good
minex,minexiii/validation/validation_imagery_raw/b008_05.gray,cf54eb0074797f3c2a5b2d209f2e78edadd1bcc99f93795503c97e1972c1df86,132411,303,437,500,L(raw),008,right_little,nonlivescan_plain,poor
minex,minexiii/validation/validation_imagery_raw/b008_07.gray,6887d0e6025559878a1302bd57626a2671b8d2aabf08645bc71c4caf71430c67,169620,330,514,500,L(raw),008,left_index,nonlivescan_plain,fair
minex,minexiii/validation/validation_imagery_raw/b008_08.gray,f3b46c4c60bbd6529f8561db9ed9f4e84b39e98ad99d62d42edc8f742bfc9505,116795,329,355,500,L(raw),008,left_middle,nonlivescan_plain,poor
minex,minexiii/validation/validation_imagery_raw/b008_09.gray,dcd58de1d223f96f83c51f8583cdf72349270b97d2927ee4fa4337d96bd1f542,131859,273,483,500,L(raw),008,left_ring,nonlivescan_plain,good
minex,minexiii/validation/validation_imagery_raw/b008_10.gray,e4cc4bd54ccd10f1b9529d9ca89b36aa46d5986ab351e1dbfee3c93a52f3c5c1,134964,326,414,500,L(raw),008,left_little,nonlivescan_plain,poor
minex,minexiii/validation/validation_imagery_raw/b009_02.gray,27aec01661881b8a531118d7825d5323580d3c2e0c8c1ac12053f05f5886a619,108521,259,419,500,L(raw),009,right_index,nonlivescan_plain,verygood
minex,minexiii/validation/validation_imagery_raw/b009_03.gray,3b70e92fd76c4003f2a7d0dc690d5029e21f4ca1a167211f4869a881b5931d91,135723,281,483,500,L(raw),009,right_middle,nonlivescan_plain,excellent
minex,minexiii/validation/validation_imagery_raw/b009_04.gray,0f9465524dc2d5e1a486eec640d4406eabfd4f097c8a8981fef58406e9192fbc,147189,301,489,500,L(raw),009,right_ring,nonlivescan_plain,excellent
minex,minexiii/validation/validation_imagery_raw/b009_05.gray,9051425f119f6b68ae2567dfaf7c7b36b7e11f0090881db830bf223a2d118db5,116843,331,353,500,L(raw),009,right_little,nonlivescan_plain,verygood
minex,minexiii/validation/validation_imagery_raw/b009_07.gray,21c19e147745964dbffff854825109c2e979d62a4528d563b5913d739dc784a5,114325,269,425,500,L(raw),009,left_index,nonlivescan_plain,verygood
minex,minexiii/validation/validation_imagery_raw/b009_08.gray,43057d5aff8554fbf3e5253c2a448e5412c5d807d73200790b683183956c420b,86430,258,335,500,L(raw),009,left_middle,nonlivescan_plain,verygood
minex,minexiii/validation/validation_imagery_raw/b009_09.gray,51cfe52a50ef4bc5ef3b0530414c7a3bbaacd60581d03756c3bfc1187d717dcc,123087,267,461,500,L(raw),009,left_ring,nonlivescan_plain,good
minex,minexiii/validation/validation_imagery_raw/b009_10.gray,5da1b8324c6b844eba180273cdac4b07783ba590bd0a93be87203e79303dcfc9,111635,269,415,500,L(raw),009,left_little,nonlivescan_plain,verygood
minex,minexiii/validation/validation_imagery_raw/b010_02.gray,7b5bc15c8cfe86df9a62e0bc84a78526e634918fe8a968a2ef4274db55ec2a8f,112965,255,443,500,L(raw),010,right_index,nonlivescan_plain,good
minex,minexiii/validation/validation_imagery_raw/b010_03.gray,6860971258637ebca048b9090aef0a08afd974fdfa6c1b1d32d567f20fe0b497,112095,265,423,500,L(raw),010,right_middle,nonlivescan_plain,poor
minex,minexiii/validation/validation_imagery_raw/b010_04.gray,1c49451cfd8f78f57c4bdb6e945901e241a4435eb1760900c2c039d7eb6c69e7,93015,195,477,500,L(raw),010,right_ring,nonlivescan_plain,fair
minex,minexiii/validation/validation_imagery_raw/b010_05.gray,aaf1f838b6b8c12eeae5888585b2c2b8e266f901294e3c58c1add90a8af52ccf,136214,338,403,500,L(raw),010,right_little,nonlivescan_plain,good
minex,minexiii/validation/validation_imagery_raw/b010_07.gray,41842136b97d2da7441eb37744c6d0dea2dfe8a29042892e87403916fca04eb9,138225,285,485,500,L(raw),010,left_index,nonlivescan_plain,verygood
minex,minexiii/validation/validation_imagery_raw/b010_08.gray,8c3638138392b6f3be04b4b3cc037f7684f6218fce08cf00db16fd3f6152e827,136917,297,461,500,L(raw),010,left_middle,nonlivescan_plain,good
minex,minexiii/validation/validation_imagery_raw/b010_09.gray,9cbe21161e446f684119b094479fb6ef3df6ffd67893cb5bc86ae70917425e23,137445,255,539,500,L(raw),010,left_ring,nonlivescan_plain,verygood
minex,minexiii/validation/validation_imagery_raw/b010_10.gray,8dc3fd9f1524c8ac110ec06d5184a4c9f9c0b27b39f96aa4497bc5b4c7a6c216,68370,265,258,500,L(raw),010,left_little,nonlivescan_plain,poor
minex,minexiii/validation/validation_imagery_raw/b011_02.gray,2a5ff2fa7343641dd34858489f571b3f8290a8b6295f64a799751aa819d899a5,178176,348,512,500,L(raw),011,right_index,nonlivescan_plain,verygood
minex,minexiii/validation/validation_imagery_raw/b011_03.gray,67385dc4a1adaadd741d4c27fb1da0416e52d9bbdad65b74f3d12b3654ebd87b,149632,334,448,500,L(raw),011,right_middle,nonlivescan_plain,excellent
minex,minexiii/validation/validation_imagery_raw/b011_04.gray,b24e637da846bddd8e07e8f348989f54497949b5092c923dc70dc71831a526b5,180765,351,515,500,L(raw),011,right_ring,nonlivescan_plain,good
minex,minexiii/validation/validation_imagery_raw/b011_05.gray,ee04df7dfaaf2f72f55240bfb5906164aad050a04c511d51723578be8b6eaf3e,135441,303,447,500,L(raw),011,right_little,nonlivescan_plain,good
minex,minexiii/validation/validation_imagery_raw/b011_07.gray,d312303e73ed733a408590c4e03c368c2ba0fa41ca89fd5c91645bbf5bb2cba3,165300,348,475,500,L(raw),011,left_index,nonlivescan_plain,verygood
minex,minexiii/validation/validation_imagery_raw/b011_08.gray,740c64583810c76da2a2ddab40f0b2b86fe2b6621f7a622df5967227a0e9c8eb,120184,332,362,500,L(raw),011,left_middle,nonlivescan_plain,verygood
minex,minexiii/validation/validation_imagery_raw/b011_09.gray,ce6abd3a29bc657332158af71ac11e90fa67bfdd3762ef3e22d4672c35d9ed5f,144828,298,486,500,L(raw),011,left_ring,nonlivescan_plain,good
minex,minexiii/validation/validation_imagery_raw/b011_10.gray,ea120c9db72103caf8ca36df6df33d28012b382d4cbff415aa7f643cd1198d3c,120300,300,401,500,L(raw),011,left_little,nonlivescan_plain,fair
minex,minexiii/validation/validation_imagery_raw/b012_02.gray,8bc7d3fc3fcd5f2972dd20ded50f8693e8835ee4dbc85ab3f564d29e39644bf9,101835,279,365,500,L(raw),012,right_index,nonlivescan_plain,verygood
minex,minexiii/validation/validation_imagery_raw/b012_03.gray,ed76b866ed890bf39c85f8a9fae78204ff82f623dc1181c7913fe23b098346f4,116145,267,435,500,L(raw),012,right_middle,nonlivescan_plain,good
minex,minexiii/validation/validation_imagery_raw/b012_04.gray,22fb88b3c90b698fdcd4a896aeda5f4684ecf3b11747e302daf0944358ad3add,132020,287,460,500,L(raw),012,right_ring,nonlivescan_plain,good
minex,minexiii/validation/validation_imagery_raw/b012_05.gray,8528a9c078a687ec7dafdab096d38120597fdd7855bd1cd5f3ecbc930d7ca6ff,208400,400,521,500,L(raw),012,right_little,nonlivescan_plain,verygood
minex,minexiii/validation/validation_imagery_raw/b012_07.gray,a4f9f66120d3e4671978de9caeefade66b8a29e76032b5a68a620032c3bc9864,110826,282,393,500,L(raw),012,left_index,nonlivescan_plain,fair
minex,minexiii/validation/validation_imagery_raw/b012_08.gray,29ce298a613199e3fafcd35f6f70eca101c523e017192d65bdc1b2f32f5d5fef,112332,276,407,500,L(raw),012,left_middle,nonlivescan_plain,verygood
minex,minexiii/validation/validation_imagery_raw/b012_09.gray,a663de863bcaa9fa91f104611cf5bdd1cf32e97dffdfdcd1e78368598fb9b4a6,144282,278,519,500,L(raw),012,left_ring,nonlivescan_plain,good
minex,minexiii/validation/validation_imagery_raw/b012_10.gray,4fb9bd4559f7f9a613ac6211415d137df3d7f618066358ed9ad28de17882b1b0,120596,292,413,500,L(raw),012,left_little,nonlivescan_plain,verygood
minex,minexiii/validation/validation_imagery_raw/b013_02.gray,95e9200915a4c8aa98165213dd4250c58f79e20b23d71b474ac920a0580381e5,147103,311,473,500,L(raw),013,right_index,nonlivescan_plain,verygood
minex,minexiii/validation/validation_imagery_raw/b013_03.gray,341eb620afe7ac37d9957066433116267629d314bed0bd24983c667e9cefd0ba,58110,298,195,500,L(raw),013,right_middle,nonlivescan_plain,poor
minex,minexiii/validation/validation_imagery_raw/b013_04.gray,b3970c618a464044b687b93072990333e0613efd7e499748cd378e8771714c37,103675,319,325,500,L(raw),013,right_ring,nonlivescan_plain,verygood
minex,minexiii/validation/validation_imagery_raw/b013_05.gray,37349aa18e2cf05518fc88e8ad1c81b88d34403f4ce4f9a86ffe963d85f37cec,138471,303,457,500,L(raw),013,right_little,nonlivescan_plain,verygood
minex,minexiii/validation/validation_imagery_raw/b013_07.gray,9971ad3a01a93291be5906e99f81a0ba2731102b0002e51f5291609edf284d72,125208,296,423,500,L(raw),013,left_index,nonlivescan_plain,excellent
minex,minexiii/validation/validation_imagery_raw/b013_08.gray,a36e3a692d63b371ae9e2817e156233561d8b14ae4710ab012ccae79746ee98e,62648,328,191,500,L(raw),013,left_middle,nonlivescan_plain,good
minex,minexiii/validation/validation_imagery_raw/b013_09.gray,7b7a946bd038a1770496ae060bef752c23b9ded1dbb4f2806da37f547d43a531,105376,296,356,500,L(raw),013,left_ring,nonlivescan_plain,good
minex,minexiii/validation/validation_imagery_raw/b013_10.gray,7524500fb5c82298545cb45b26c19deea56383ed76930420fed452ae3bb17ee9,127348,316,403,500,L(raw),013,left_little,nonlivescan_plain,verygood
minex,minexiii/validation/validation_imagery_raw/b014_02.gray,4310ca420caa64bcb00b485ba92791461cbe6572b903614e445879d5823ab701,164481,327,503,500,L(raw),014,right_index,nonlivescan_plain,excellent
minex,minexiii/validation/validation_imagery_raw/b014_03.gray,b1bed0f350db5ff8df9172fac2288127d662c6dc382ee6cf7d25401024ba09d2,129108,318,406,500,L(raw),014,right_middle,nonlivescan_plain,verygood
minex,minexiii/validation/validation_imagery_raw/b014_04.gray,fcd66028583930cc60d7427a766221853ffa99e2219f3fbcbd20cf3447cd38d9,172044,354,486,500,L(raw),014,right_ring,nonlivescan_plain,good
minex,minexiii/validation/validation_imagery_raw/b014_05.gray,21d448e0ea35356cd177b969a295b4c23dc884bdf33154f92c5357a58186308d,130385,293,445,500,L(raw),014,right_little,nonlivescan_plain,fair
minex,minexiii/validation/validation_imagery_raw/b014_07.gray,0d69b5ba9f909834c05ebaffb8422e8b66e1563131e1d4039b1922f16112ef62,150885,315,479,500,L(raw),014,left_index,nonlivescan_plain,fair
minex,minexiii/validation/validation_imagery_raw/b014_08.gray,1a1b3c8306e046b2f6e910d88bac6dc0488fb6ace23f9f599332d25bd16ef545,133179,309,431,500,L(raw),014,left_middle,nonlivescan_plain,good
minex,minexiii/validation/validation_imagery_raw/b014_09.gray,c98fd2f56fb70dd00909eacb0cd8e91253e657df7d1561e180855c1d1b2f41b3,165425,325,509,500,L(raw),014,left_ring,nonlivescan_plain,verygood
minex,minexiii/validation/validation_imagery_raw/b014_10.gray,4078614d3c832ca1ee14a0fafc4b2a72e790fc59d7f97fff0a1cb113300cab0e,71442,243,294,500,L(raw),014,left_little,nonlivescan_plain,poor
minex,minexiii/validation/validation_imagery_raw/b015_02.gray,17e8bbd5539a4a0e62a2c835a382335c8cf964dd1baf5dca44260f9209cbe6fb,117395,265,443,500,L(raw),015,right_index,nonlivescan_plain,verygood
minex,minexiii/validation/validation_imagery_raw/b015_03.gray,e0ada13f22498b4ceb930e6161e6c910c3bf7194adecc4546560fb851b79c494,145920,304,480,500,L(raw),015,right_middle,nonlivescan_plain,verygood
minex,minexiii/validation/validation_imagery_raw/b015_04.gray,a05f678742e3b6d64d8f530d86088720101748c50b1fd5522d66ba5d4b3e7b43,154421,307,503,500,L(raw),015,right_ring,nonlivescan_plain,excellent
minex,minexiii/validation/validation_imagery_raw/b015_05.gray,71a90deabc0bb3b6b4ea544d83ee6784878b2fbe9de95110ebd9bccd0ec6dc7d,131805,303,435,500,L(raw),015,right_little,nonlivescan_plain,verygood
minex,minexiii/validation/validation_imagery_raw/b015_07.gray,a43093ac0003d839a2f70f954d5cc2e3d70e50974947833a31f6bcc7f0a541eb,148995,301,495,500,L(raw),015,left_index,nonlivescan_plain,verygood
minex,minexiii/validation/validation_imagery_raw/b015_08.gray,c21b07a8162a928b04abd0eeb91dffd866031f6d18b613e19b99bb8dd9dd91a8,130972,274,478,500,L(raw),015,left_middle,nonlivescan_plain,verygood
minex,minexiii/validation/validation_imagery_raw/b015_09.gray,52f1b3033b6d32d219768dd6f7e123614a8a309df1539690eb8eafb67f98fba6,175131,319,549,500,L(raw),015,left_ring,nonlivescan_plain,excellent
minex,minexiii/validation/validation_imagery_raw/b015_10.gray,769ddfbf7314c280503f6ee58ddaa7dbad45c1e60f3426e8998137bf1042490a,107939,299,361,500,L(raw),015,left_little,nonlivescan_plain,good
minex,minexiii/validation/validation_imagery_raw/b016_02.gray,f23694ee37d5c5aa53dcaa90a596b988ade36752294d4d64bdbfd1ba2d9baadd,142200,316,450,500,L(raw),016,right_index,nonlivescan_plain,verygood
minex,minexiii/validation/validation_imagery_raw/b016_03.gray,190e0fa52e42a8b2011f4a5e48a53c4adb6c5ff367600472c9f15f0b9b465f4c,146481,311,471,500,L(raw),016,right_middle,nonlivescan_plain,good
minex,minexiii/validation/validation_imagery_raw/b016_04.gray,d1e59a9a7413136c26abab8d390f4e43d98f04bf7dcf9bba5b12b9c5f2be845a,178618,353,506,500,L(raw),016,right_ring,nonlivescan_plain,good
minex,minexiii/validation/validation_imagery_raw/b016_05.gray,98ce7b9c5f4852466fd3f3c6e3d026a728d65530f3a81fb7eb5944037f1769f8,80938,286,283,500,L(raw),016,right_little,nonlivescan_plain,poor
minex,minexiii/validation/validation_imagery_raw/b016_07.gray,eb565280974ed4ffc90e8f3ffa488abd2d467c1dc011123723d13e3eac5f4265,138775,325,427,500,L(raw),016,left_index,nonlivescan_plain,good
minex,minexiii/validation/validation_imagery_raw/b016_08.gray,68273e220892bf70822421c01db833701f2ab6b35e8ff9fb8befa54925a76514,141000,300,470,500,L(raw),016,left_middle,nonlivescan_plain,good
minex,minexiii/validation/validation_imagery_raw/b016_09.gray,5c1f4056ce21a545c9f656d3a49713be843b0dc726e4bd99454e7a0073efaf01,144639,297,487,500,L(raw),016,left_ring,nonlivescan_plain,good
minex,minexiii/validation/validation_imagery_raw/b016_10.gray,2230701b32d137f45c61e1e64edcc5b6748fc7d941233e18cec9c86686a8b4fd,110595,303,365,500,L(raw),016,left_little,nonlivescan_plain,good
minex,minexiii/validation/validation_imagery_raw/b017_02.gray,113fbb8dfa37e250eb5284ae670b5f13073323c3825c867035337cdf1f6970f9,182105,385,473,500,L(raw),017,right_index,nonlivescan_plain,verygood
minex,minexiii/validation/validation_imagery_raw/b017_03.gray,1831c1c803bc715a1c362b88efd3d410425dc3968241678b5fada1c24abeddde,177372,379,468,500,L(raw),017,right_middle,nonlivescan_plain,good
minex,minexiii/validation/validation_imagery_raw/b017_04.gray,e0eeee82695c3085bf0d27983f099e603281527e164edd8f2312cc85c0ba6f55,142375,335,425,500,L(raw),017,right_ring,nonlivescan_plain,verygood
minex,minexiii/validation/validation_imagery_raw/b017_05.gray,d5c5df764dcbf3f6a2d1d93d16190b0a55400933b8a9e5f24550e07b9bebcebe,264792,472,561,500,L(raw),017,right_little,nonlivescan_plain,good
minex,minexiii/validation/validation_imagery_raw/b017_07.gray,c3220c7213032ddbd1d88beef07c9d3a8c37c4ef2a7e3383d8f7fa6f89dce133,170940,385,444,500,L(raw),017,left_index,nonlivescan_plain,verygood
minex,minexiii/validation/validation_imagery_raw/b017_08.gray,ca4a3d9d71624b5a595e8f27c0c7fa03b9bccc218bccd52b4167e4efd021d0f2,214396,403,532,500,L(raw),017,left_middle,nonlivescan_plain,verygood
minex,minexiii/validation/validation_imagery_raw/b017_09.gray,90df42828ae7472aa864563de6bf390856561b4114f54b66c01782b4c9ad9616,175968,376,468,500,L(raw),017,left_ring,nonlivescan_plain,good
minex,minexiii/validation/validation_imagery_raw/b017_10.gray,78cecfe1aaa605a46f53a147a5b7d2d9c53b3ab956a48f0577d3456f10226ede,148869,357,417,500,L(raw),017,left_little,nonlivescan_plain,good
minex,minexiii/validation/validation_imagery_raw/b018_02.gray,a69ab634021eb6073fa6c611a5c14858384b4c4500c752f389c6f6472bd8ab36,130284,308,423,500,L(raw),018,right_index,nonlivescan_plain,fair
minex,minexiii/validation/validation_imagery_raw/b018_03.gray,20f8ce876df877a704609707c3206c157ae35991e73c2281f947824a6348dffc,123554,326,379,500,L(raw),018,right_middle,nonlivescan_plain,excellent
minex,minexiii/validation/validation_imagery_raw/b018_04.gray,1510f72afcc412dae7db00abe3641f3b7b8e87515679e47f50d712a299a2946b,126630,270,469,500,L(raw),018,right_ring,nonlivescan_plain,verygood
minex,minexiii/validation/validation_imagery_raw/b018_05.gray,f4875f47c81cb4f58fe5487110a602c4dfd8c7a6addd29ef0e5959ea32ba40f1,125070,330,379,500,L(raw),018,right_little,nonlivescan_plain,verygood
minex,minexiii/validation/validation_imagery_raw/b018_07.gray,c94f876d812f6f8f3b33f136057429c3f4f92b7316c4acd1fa4c9ff00d827015,123123,287,429,500,L(raw),018,left_index,nonlivescan_plain,verygood
minex,minexiii/validation/validation_imagery_raw/b018_08.gray,8ab8e35e8e11832deb1244fa0ddbc897247682e66f8b7556317879ecc6222427,152164,349,436,500,L(raw),018,left_middle,nonlivescan_plain,excellent
minex,minexiii/validation/validation_imagery_raw/b018_09.gray,d6761489196dc0c94978b2dc1c37d37122d34b7e3bb22bbb5a40f7b65598dc9d,132729,293,453,500,L(raw),018,left_ring,nonlivescan_plain,excellent
minex,minexiii/validation/validation_imagery_raw/b018_10.gray,9130c51737a647ed3b4a7b6dbeb3c27a59759092343b8a4c27a94ffc2329f1e9,130089,309,421,500,L(raw),018,left_little,nonlivescan_plain,verygood
minex,minexiii/validation/validation_imagery_raw/b019_02.gray,2010c9e8e64f020992085be8c8e483aa36cb709b743a9899e0a5a2e0b4465bc9,144639,297,487,500,L(raw),019,right_index,nonlivescan_plain,good
minex,minexiii/validation/validation_imagery_raw/b019_03.gray,d74fc2b5ca5a3a8456214c43a149c0a3de15547f6eb75dce14a84e770aa9a999,148009,283,523,500,L(raw),019,right_middle,nonlivescan_plain,verygood
minex,minexiii/validation/validation_imagery_raw/b019_04.gray,917253d62a7681516010f3ccd1ba8771a86c005551c11451f661b82fc6c31680,143633,289,497,500,L(raw),019,right_ring,nonlivescan_plain,good
minex,minexiii/validation/validation_imagery_raw/b019_05.gray,a59360a0c2d613410c8b8257c5a61ec9615b350d3a38eda5c82671951ec7047c,114900,300,383,500,L(raw),019,right_little,nonlivescan_plain,poor
minex,minexiii/validation/validation_imagery_raw/b019_07.gray,f8b57cd961e6beb254219cec7b7f3f65defb1bc1afd09787984f25915dbcd4b8,150397,299,503,500,L(raw),019,left_index,nonlivescan_plain,good
minex,minexiii/validation/validation_imagery_raw/b019_08.gray,8c661788d2e1d78f4091fa9e0f057aa261bb71756ee8843251158c6b87cf7f76,131328,288,456,500,L(raw),019,left_middle,nonlivescan_plain,verygood
minex,minexiii/validation/validation_imagery_raw/b019_09.gray,739384c7a9ac3069974e2a9a9a187707161490784e57760f87984183ae95570a,143825,275,523,500,L(raw),019,left_ring,nonlivescan_plain,good
minex,minexiii/validation/validation_imagery_raw/b019_10.gray,1f9339734203ecdff13d0ea1f7cccc460d5763925a6b2deb841261d56df6b783,103740,273,380,500,L(raw),019,left_little,nonlivescan_plain,good
minex,minexiii/validation/validation_imagery_raw/b020_02.gray,55e6b676000b51ba7d3df633a42ab6954eb41e7e8dcb6070460fb72dfe1b9d07,146797,313,469,500,L(raw),020,right_index,nonlivescan_plain,verygood
minex,minexiii/validation/validation_imagery_raw/b020_03.gray,f3d61f872a52e9177d38ad4ecdc06f92682008f0273130d6efed56ad6440d19b,126483,317,399,500,L(raw),020,right_middle,nonlivescan_plain,verygood
minex,minexiii/validation/validation_imagery_raw/b020_04.gray,beac280099c6bc8b36f1e4c049cb05932968fa7a23bb3d53634730f73ee51b56,166860,324,515,500,L(raw),020,right_ring,nonlivescan_plain,excellent
minex,minexiii/validation/validation_imagery_raw/b020_05.gray,6cdb6495b872b7cf448da79f999c513d7f1d987d7307a836ad8bbc6d378121d7,161293,341,473,500,L(raw),020,right_little,nonlivescan_plain,good
minex,minexiii/validation/validation_imagery_raw/b020_07.gray,202fc27b7fd9890734eac7ab7e69faf485f23974847941a68126f65f7cd1f475,175274,341,514,500,L(raw),020,left_index,nonlivescan_plain,good
minex,minexiii/validation/validation_imagery_raw/b020_08.gray,c02d44b719d411dcd240d2bffd3e4bad5b6481813439886885c07e53fa121a11,165120,320,516,500,L(raw),020,left_middle,nonlivescan_plain,verygood
minex,minexiii/validation/validation_imagery_raw/b020_09.gray,7aaa2806de15dea04c219616ea322ecc6ec37fff02c28dc533737fa041f1d870,156676,299,524,500,L(raw),020,left_ring,nonlivescan_plain,good
minex,minexiii/validation/validation_imagery_raw/b020_10.gray,503e23fc22ff6eb20266689ddf5c1f2e67c68ee7f7ff677907f41b70e337a952,139035,299,465,500,L(raw),020,left_little,nonlivescan_plain,good
minex,minexiii/validation/validation_imagery_raw/b021_02.gray,a05426739f6fb6d82aaf60cd81f0286a31acaa2a0f53be3cfa3c9da96faf5590,131385,285,461,500,L(raw),021,right_index,nonlivescan_plain,verygood
minex,minexiii/validation/validation_imagery_raw/b021_03.gray,f9a19d69f3e3b631ba1ed205016bfd648012ab9dd6a027d6a4ca3bb44390423f,106106,286,371,500,L(raw),021,right_middle,nonlivescan_plain,good
minex,minexiii/validation/validation_imagery_raw/b021_04.gray,dfb360746f87bbb177d1dd1424a1ff2eff28c3a2b7e35b401f9d9f3e3e1303db,122507,259,473,500,L(raw),021,right_ring,nonlivescan_plain,poor
minex,minexiii/validation/validation_imagery_raw/b021_05.gray,132ea3795be9874b4f1f26610af29110054ec93b8ed95d6f56c468003fb2ee1d,120285,297,405,500,L(raw),021,right_little,nonlivescan_plain,poor
minex,minexiii/validation/validation_imagery_raw/b021_07.gray,5cef0824742a1983cc13da97c8fe4858162a398b1ffbfbcc596d38d7bcb7888c,107199,277,387,500,L(raw),021,left_index,nonlivescan_plain,good
minex,minexiii/validation/validation_imagery_raw/b021_08.gray,c210d9f63a0b42838540cc23a4a7ae00b2367d5009963829c0a8ac53f539e2f4,108262,266,407,500,L(raw),021,left_middle,nonlivescan_plain,good
minex,minexiii/validation/validation_imagery_raw/b021_09.gray,8c94389380907adb5f1d7abfbf218161a2f7a3481c692666e29a1317329c3d54,126501,283,447,500,L(raw),021,left_ring,nonlivescan_plain,good
minex,minexiii/validation/validation_imagery_raw/b021_10.gray,01353d85159c400693d56ef932deb5ad7c09101c2da6f52181767da9915fd20c,101001,257,393,500,L(raw),021,left_little,nonlivescan_plain,verygood
minex,minexiii/validation/validation_imagery_raw/b022_02.gray,1b905a08ffcfa576bd3b3509e22b71b940a07e379e093440e989daf7bbdae9f9,215904,416,519,500,L(raw),022,right_index,nonlivescan_plain,good
minex,minexiii/validation/validation_imagery_raw/b022_03.gray,e73dade10df8d0d484b1bcd7faac89a44fd5fc46f87e5742594cee783a9b0c15,187395,403,465,500,L(raw),022,right_middle,nonlivescan_plain,fair
minex,minexiii/validation/validation_imagery_raw/b022_04.gray,0a277e61088a6d931500cccbf1beefa5c71b6ff2c02567db2a54dfc03245e968,163608,401,408,500,L(raw),022,right_ring,nonlivescan_plain,fair
minex,minexiii/validation/validation_imagery_raw/b022_05.gray,1e68e63e75f606668ff2b07e275409dba2fc7e7fa855beb22f1c8320c666ed8d,142881,291,491,500,L(raw),022,right_little,nonlivescan_plain,fair
minex,minexiii/validation/validation_imagery_raw/b022_07.gray,d5b285ea870069f2887750440c5a3246705eb2359c9161d341df942e2b904263,224367,429,523,500,L(raw),022,left_index,nonlivescan_plain,good
minex,minexiii/validation/validation_imagery_raw/b022_08.gray,d127c94e46215f2eafe39e5cfb1fa9a6fd6f128e543537cbe06a2f982d78685c,214185,393,545,500,L(raw),022,left_middle,nonlivescan_plain,good
minex,minexiii/validation/validation_imagery_raw/b022_09.gray,62cb6f5d5080bf452fcdd114ae2d819f08fe6ec05f67e919fb43b8a2b20383df,213010,358,595,500,L(raw),022,left_ring,nonlivescan_plain,good
minex,minexiii/validation/validation_imagery_raw/b022_10.gray,15c9da22f80e92814e350ddfc0d033413ab7de7edc9fd6628e1adc81ff31a40d,179945,365,493,500,L(raw),022,left_little,nonlivescan_plain,fair
minex,minexiii/validation/validation_imagery_raw/b023_02.gray,9bd0a171a038964d20912fec723c7b3d6cfbe41249cd785fcab0451b876391ac,167608,328,511,500,L(raw),023,right_index,nonlivescan_plain,verygood
minex,minexiii/validation/validation_imagery_raw/b023_03.gray,a639986f3e653f5c9f788e790d3d87d3bd576033ffc1841c168dd84524f11bcd,161262,306,527,500,L(raw),023,right_middle,nonlivescan_plain,good
minex,minexiii/validation/validation_imagery_raw/b023_04.gray,9bd21c7f80dcb5b38d87dd0affbdded9d9020c31675e5b4a09af5a120a62bbdc,152628,316,483,500,L(raw),023,right_ring,nonlivescan_plain,good
minex,minexiii/validation/validation_imagery_raw/b023_05.gray,a5172f986e50245e2dbf74a2df4dcbdc941d3a445c5efca05eed495b91fb6949,68362,266,257,500,L(raw),023,right_little,nonlivescan_plain,poor
minex,minexiii/validation/validation_imagery_raw/b023_07.gray,ef1ee5b2d74a02580d69941f6f91e388e8035f9dacb51f42c2f57a8ec2ee44ad,172885,355,487,500,L(raw),023,left_index,nonlivescan_plain,good
minex,minexiii/validation/validation_imagery_raw/b023_08.gray,b317a745bd2f97b573dbab9b0d0345e7fb3b552f7b9317c2a4640fcb289e9891,167375,325,515,500,L(raw),023,left_middle,nonlivescan_plain,good
minex,minexiii/validation/validation_imagery_raw/b023_09.gray,95199c403e0d67c639c2bc82cbb4b55c5b15a549b9959c311d591a73dce4eba1,168295,347,485,500,L(raw),023,left_ring,nonlivescan_plain,good
minex,minexiii/validation/validation_imagery_raw/b023_10.gray,09dd08cae4927a1d000a50497228b9f490eefa467abfd3319d99081a99e0a5cd,98192,323,304,500,L(raw),023,left_little,nonlivescan_plain,poor
minex,minexiii/validation/validation_imagery_raw/b024_02.gray,be74feee9fe2f62a6451ae7a1ae964a70bd42e21976bc9cc346e6f69ca228136,157947,323,489,500,L(raw),024,right_index,nonlivescan_plain,verygood
minex,minexiii/validation/validation_imagery_raw/b024_03.gray,0f5c668fbf449f567b866ff90c097ea7fc17190065cb33a81f987a14d9651ec8,195564,379,516,500,L(raw),024,right_middle,nonlivescan_plain,verygood
minex,minexiii/validation/validation_imagery_raw/b024_04.gray,cbd48ef69e5c6356c6f0ffd916375aaf69a3ee7efef4babe7909a206a036e688,195663,377,519,500,L(raw),024,right_ring,nonlivescan_plain,verygood
minex,minexiii/validation/validation_imagery_raw/b024_05.gray,ad158dc5607a6439dbe5eee4d26c8326d72a0bbcc73383676cbb0f6b1716a079,183645,371,495,500,L(raw),024,right_little,nonlivescan_plain,fair
minex,minexiii/validation/validation_imagery_raw/b024_07.gray,3fd544060dc1cb524ea698bffe19a43edc7785009cb7dd5e73fcbd999b949959,173151,363,477,500,L(raw),024,left_index,nonlivescan_plain,poor
minex,minexiii/validation/validation_imagery_raw/b024_08.gray,27fb89afa38a7c612fb39bb8e32160a8f0d7e8aac8cd8628dcf1a3bda1132870,212463,387,549,500,L(raw),024,left_middle,nonlivescan_plain,good
minex,minexiii/validation/validation_imagery_raw/b024_09.gray,170cad26ceea42d6a3d311caf2324ce50cebc7da53602bf2e26a2d8fe5440e79,167992,332,506,500,L(raw),024,left_ring,nonlivescan_plain,excellent
minex,minexiii/validation/validation_imagery_raw/b024_10.gray,68c5a37cf42f72cf4004846522cb17379e8689fd5a7e6cb95ea1965924ffdb7f,169335,355,477,500,L(raw),024,left_little,nonlivescan_plain,good
minex,minexiii/validation/validation_imagery_raw/b025_02.gray,9c5e5c5f58a9267bc7fea416491cd2d0f96de8389932832feaeca379d9c06c76,145613,299,487,500,L(raw),025,right_index,nonlivescan_plain,excellent
minex,minexiii/validation/validation_imagery_raw/b025_03.gray,ee6afd9cacb78da26d95ef4e72beb4367d3f0b33bae8e8faef9f99c5984c07f8,166355,343,485,500,L(raw),025,right_middle,nonlivescan_plain,excellent
minex,minexiii/validation/validation_imagery_raw/b025_04.gray,328228bdcff53dd2787be97ee43c46a05bca43dffe00c47622e8891714c5bb58,167171,349,479,500,L(raw),025,right_ring,nonlivescan_plain,excellent
minex,minexiii/validation/validation_imagery_raw/b025_05.gray,84eb80632b8a8dd8c2d048122fd281720260915bb3d3c8ffc8249ee94e09d781,164379,349,471,500,L(raw),025,right_little,nonlivescan_plain,excellent
minex,minexiii/validation/validation_imagery_raw/b025_07.gray,137038a94c4a916c7383894d81085ffd045864a3c270d4d7b75e924c488b3b72,101304,201,504,500,L(raw),025,left_index,nonlivescan_plain,good
minex,minexiii/validation/validation_imagery_raw/b025_08.gray,d982f374c04338c19babc4b09a847cd6c773c870b756bfc861a265fb6cf29b2b,182479,313,583,500,L(raw),025,left_middle,nonlivescan_plain,excellent
minex,minexiii/validation/validation_imagery_raw/b025_09.gray,dde776177d1ef5646cbe437730ea77eb1c033d5828251bed4d2be9fe4cab8945,192891,339,569,500,L(raw),025,left_ring,nonlivescan_plain,excellent
minex,minexiii/validation/validation_imagery_raw/b025_10.gray,015e5ce34e13745f28a64089168240bbbf32adc4199438890f1f9c2d2fdcc42d,136528,322,424,500,L(raw),025,left_little,nonlivescan_plain,verygood
minex,minexiii/validation/validation_imagery_raw/b026_02.gray,777cc23bf4ebd7ddd0302edc08b8e1a86cc58a7a3d35efe9bc95e6586b0035f3,187624,376,499,500,L(raw),026,right_index,nonlivescan_plain,verygood
minex,minexiii/validation/validation_imagery_raw/b026_03.gray,6e2b6b576d727fd52534498d2ed404e65b0fce552acb1bc8976d2e97ca7cf033,174650,350,499,500,L(raw),026,right_middle,nonlivescan_plain,excellent
minex,minexiii/validation/validation_imagery_raw/b026_04.gray,d2dfe42ed71ce56b5389dba957197aad61992fa83b53485a129c7a9a3a4bef97,193936,368,527,500,L(raw),026,right_ring,nonlivescan_plain,excellent
minex,minexiii/validation/validation_imagery_raw/b026_05.gray,a6ecfc0fb05114b9fb0e60d8a55d492e19e51c47e29a68bdcb1adf3e2d6e7199,159030,342,465,500,L(raw),026,right_little,nonlivescan_plain,excellent
minex,minexiii/validation/validation_imagery_raw/b026_07.gray,1526b6643574e70e6e0819bb484ec4e618f9832be32dcbf66e4f0b58ae414709,190351,383,497,500,L(raw),026,left_index,nonlivescan_plain,excellent
minex,minexiii/validation/validation_imagery_raw/b026_08.gray,fb524ef4231e4e59192bdb0ec518fdfb88255a1b231f8f8f593313a73c1b469a,202311,381,531,500,L(raw),026,left_middle,nonlivescan_plain,excellent
minex,minexiii/validation/validation_imagery_raw/b026_09.gray,709347ff33fc5c27d0d5e7b8fdf9b4031f469c288fd6c0a354646a1cb0128d53,179055,345,519,500,L(raw),026,left_ring,nonlivescan_plain,excellent
minex,minexiii/validation/validation_imagery_raw/b026_10.gray,eb9dcfb9db9c4caaa74c285ba45cce6dec80e33641900ed6369fc4bf7af1d3b7,181908,372,489,500,L(raw),026,left_little,nonlivescan_plain,verygood
minex,minexiii/validation/validation_imagery_raw/b027_02.gray,d5f84b26dfa75553aab248031be348208ab95e13329d716d5ed76a56dccf79fb,226395,387,585,500,L(raw),027,right_index,nonlivescan_plain,verygood
minex,minexiii/validation/validation_imagery_raw/b027_03.gray,c08176f5e6942c18c3c0f6f4ea74294f8896efa358e867d7a9a876fdacae270f,131892,348,379,500,L(raw),027,right_middle,nonlivescan_plain,verygood
minex,minexiii/validation/validation_imagery_raw/b027_04.gray,f055a87a0cbeda3ed233accff2d610571329e479d0f35a7767070bbd3d54c08f,146832,304,483,500,L(raw),027,right_ring,nonlivescan_plain,good
minex,minexiii/validation/validation_imagery_raw/b027_05.gray,fc141092e7c7a4de1dc55677d0aac5d2741c3f27ee6c3273dd011d4cb48d406f,132327,261,507,500,L(raw),027,right_little,nonlivescan_plain,verygood
minex,minexiii/validation/validation_imagery_raw/b027_07.gray,dcc65062f7dd05ba1c398bf846de33952e0e4974094ee00851d44175a954a0d3,171675,315,545,500,L(raw),027,left_index,nonlivescan_plain,good
minex,minexiii/validation/validation_imagery_raw/b027_08.gray,e8bdb1acbc479acef256101f21568d82c8325ed0ef1a60250613b17fe3128137,112450,346,325,500,L(raw),027,left_middle,nonlivescan_plain,verygood
minex,minexiii/validation/validation_imagery_raw/b027_09.gray,f2cb8cbf44bbb0306dc749ddaf251b26a1f754abbb95238e9ff230130bbeb0a1,161364,357,452,500,L(raw),027,left_ring,nonlivescan_plain,verygood
minex,minexiii/validation/validation_imagery_raw/b027_10.gray,a43e19eace5bf54e4d88c5a41ae6f992f412d3e8fd316fa1d5069cc81d734c97,180621,329,549,500,L(raw),027,left_little,nonlivescan_plain,good
minex,minexiii/validation/validation_imagery_raw/b028_02.gray,c93fe2151bf144273ccc15c1ed6e6ed260a00ed3a4a2e42f03f98a255573e436,123921,281,441,500,L(raw),028,right_index,nonlivescan_plain,good
minex,minexiii/validation/validation_imagery_raw/b028_03.gray,75825478ce73ed2cd0e306cfd2e9db2aec7f80990b8fe563e76629462645ad56,178860,330,542,500,L(raw),028,right_middle,nonlivescan_plain,excellent
minex,minexiii/validation/validation_imagery_raw/b028_04.gray,f412c76e8ac2b7ac90c9c682be3b6b344ca441a15b842c29e37b5359fbadb432,160735,305,527,500,L(raw),028,right_ring,nonlivescan_plain,excellent
minex,minexiii/validation/validation_imagery_raw/b028_05.gray,13041e65ce8eb63c519fc57e3542be6ec2414799ca369c0d10cc965138b99a78,160718,326,493,500,L(raw),028,right_little,nonlivescan_plain,excellent
minex,minexiii/validation/validation_imagery_raw/b028_07.gray,4ae880041c48a83fe39def1e23bc6df172f2ad112e0ccc3c4bfbb85f53f844cb,194394,362,537,500,L(raw),028,left_index,nonlivescan_plain,good
minex,minexiii/validation/validation_imagery_raw/b028_08.gray,5c45af0e270e70077b2946e3654fc1d2ead5b951d3eb2d30ca6206c4d371be3c,191748,348,551,500,L(raw),028,left_middle,nonlivescan_plain,fair
minex,minexiii/validation/validation_imagery_raw/b028_09.gray,2d8b70140af241375a8ab4a9c3d32efb4107fee8aecb12a37706b37af058d1d0,194219,359,541,500,L(raw),028,left_ring,nonlivescan_plain,fair
minex,minexiii/validation/validation_imagery_raw/b028_10.gray,d4556f95c6b885a8658d42a614355abf7658d40e7a4051e6fd66bdb14fc55dc2,149509,307,487,500,L(raw),028,left_little,nonlivescan_plain,good
minex,minexiii/validation/validation_imagery_raw/b029_02.gray,432f9921ad0550e78d435f2c73a8ef01cd6d17f7557a51ebc8702b69e01c2c7a,157878,358,441,500,L(raw),029,right_index,nonlivescan_plain,good
minex,minexiii/validation/validation_imagery_raw/b029_03.gray,347a49e67ae1248d58e956cd95d0c6f8dcb949102c333a1b4dd842f5cb1d5a57,153850,362,425,500,L(raw),029,right_middle,nonlivescan_plain,good
minex,minexiii/validation/validation_imagery_raw/b029_04.gray,7143e7f24afdd40533bc4f6c0508ba506019b9bda83611870a39fc560d0a59b6,175875,335,525,500,L(raw),029,right_ring,nonlivescan_plain,verygood
minex,minexiii/validation/validation_imagery_raw/b029_05.gray,51c78b4ec390d1045362773bb76a5878201492a6ba6760b48fa827753dcb7258,158549,331,479,500,L(raw),029,right_little,nonlivescan_plain,good
minex,minexiii/validation/validation_imagery_raw/b029_07.gray,5580dcf806d629f3786203ef6a413cb31fcd45bd4f903484087998615ccbc032,175010,370,473,500,L(raw),029,left_index,nonlivescan_plain,verygood
minex,minexiii/validation/validation_imagery_raw/b029_08.gray,2421c67487f9fad3a2cb3887860a8d07b8e65acc2b09282fed77e6c1a3aa26b3,88752,344,258,500,L(raw),029,left_middle,nonlivescan_plain,good
minex,minexiii/validation/validation_imagery_raw/b029_09.gray,ceab45964ffbda59bed443614912338355f13b8b57314a8b328ad12b2b1767b8,125120,320,391,500,L(raw),029,left_ring,nonlivescan_plain,verygood
minex,minexiii/validation/validation_imagery_raw/b029_10.gray,70ab50e3834c3c2590ceefa2576c806aaaf133d389f20fd37f21be9a6e77ea9e,150286,326,461,500,L(raw),029,left_little,nonlivescan_plain,good
minex,minexiii/validation/validation_imagery_raw/b030_02.gray,1f532e5bf517059eb82e257776cb369a9e5fd9e68d6fbf4607a443ea03010947,171288,351,488,500,L(raw),030,right_index,nonlivescan_plain,verygood
minex,minexiii/validation/validation_imagery_raw/b030_03.gray,b26166dc4c5ce6bba96dd966ba9328b361567cd13ab0b3c70f1a236984685d6e,123200,308,400,500,L(raw),030,right_middle,nonlivescan_plain,excellent
minex,minexiii/validation/validation_imagery_raw/b030_04.gray,46df54e3ed1290a14ca87a25586156497eb532dc67604b19a10c1e1af487f727,155189,311,499,500,L(raw),030,right_ring,nonlivescan_plain,verygood
minex,minexiii/validation/validation_imagery_raw/b030_05.gray,8fc0387a6c6880472192f5c13bb8650883d85f4a664d3b467016be4a4839e89e,138127,319,433,500,L(raw),030,right_little,nonlivescan_plain,verygood
minex,minexiii/validation/validation_imagery_raw/b030_07.gray,6fa9be290b3d33c7c604a7ba79b9ff4533dc0110eed95ce5a462151e20611aea,151074,327,462,500,L(raw),030,left_index,nonlivescan_plain,verygood
minex,minexiii/validation/validation_imagery_raw/b030_08.gray,9f487b6b33964466153d3af9ab63ac1894c7aa7d8916595018d2197c958fa9e7,93347,323,289,500,L(raw),030,left_middle,nonlivescan_plain,verygood
minex,minexiii/validation/validation_imagery_raw/b030_09.gray,1b743a6c3a8d0b57d8f9c01954793b920b3c31b54452ad980ce4a51d75d60305,126286,271,466,500,L(raw),030,left_ring,nonlivescan_plain,verygood
minex,minexiii/validation/validation_imagery_raw/b030_10.gray,d49820aa0d80fcb265914a5414311c602477667e590e8a51bf79c6183294b1c7,145905,355,411,500,L(raw),030,left_little,nonlivescan_plain,verygood
minex,minexiii/validation/validation_imagery_raw/b031_02.gray,214b0dfc922d45a5c1e18768face77a9ca5d0e22f0e1fbf19c8c8a1facfcccd4,178284,358,498,500,L(raw),031,right_index,nonlivescan_plain,verygood
minex,minexiii/validation/validation_imagery_raw/b031_03.gray,843116840af7dfe329a75829314814c608db58469dfd37fe2b59dead78ea43fa,144760,308,470,500,L(raw),031,right_middle,nonlivescan_plain,excellent
minex,minexiii/validation/validation_imagery_raw/b031_04.gray,c186cc7503f7cd8da548ac9674774f048cccb9cb40e026528e442deda21b1184,184077,339,543,500,L(raw),031,right_ring,nonlivescan_plain,excellent
minex,minexiii/validation/validation_imagery_raw/b031_05.gray,71f34d56c354bcb4591c10b602d179133a0ce20b21f8cf6486c59a1f4159bb16,126999,309,411,500,L(raw),031,right_little,nonlivescan_plain,verygood
minex,minexiii/validation/validation_imagery_raw/b031_07.gray,8c6256b9d6e96a1b9672ede52b029bd376753cf9e6a73f9d0ba93915cde76b4d,176823,333,531,500,L(raw),031,left_index,nonlivescan_plain,excellent
minex,minexiii/validation/validation_imagery_raw/b031_08.gray,5ae3abe267726265f92a6d4e8e5af8a54acc8798452e6e6fcef7c168adf317ea,118218,323,366,500,L(raw),031,left_middle,nonlivescan_plain,excellent
minex,minexiii/validation/validation_imagery_raw/b031_09.gray,249bb5c281c8a4ec8c2c84cfa5f1f2213b54cb0da2b2f00659c5e2afb8645e06,88757,227,391,500,L(raw),031,left_ring,nonlivescan_plain,poor
minex,minexiii/validation/validation_imagery_raw/b031_10.gray,3ddde783a40fd1361119af67a16c056adc9f4638c6fc1f0e968081d754cea052,117375,313,375,500,L(raw),031,left_little,nonlivescan_plain,good
minex,minexiii/validation/validation_imagery_raw/b032_02.gray,e99d24803a96918b4c518539d40f089655864ce68fc080453c6d97cb61c7eb9b,146575,325,451,500,L(raw),032,right_index,nonlivescan_plain,verygood
minex,minexiii/validation/validation_imagery_raw/b032_03.gray,6b309113c26f9ea5ca7fe794aa96070c9ff43847ae64d1d0dec008ab0bae77f1,119865,305,393,500,L(raw),032,right_middle,nonlivescan_plain,verygood
minex,minexiii/validation/validation_imagery_raw/b032_04.gray,bb029fd0e1970b9f746bc5350d17e8ccfa3dd2d7622d3c4165a4e4a01b840ee3,137196,333,412,500,L(raw),032,right_ring,nonlivescan_plain,verygood
minex,minexiii/validation/validation_imagery_raw/b032_05.gray,b501391ad11fd752a2b5042f73ba62b289e92635ccad52529822e1f4d45bb350,140743,289,487,500,L(raw),032,right_little,nonlivescan_plain,verygood
minex,minexiii/validation/validation_imagery_raw/b032_07.gray,0dfd326ef6366cb6284030288340d2d7695af277ac0fa280dc9b5b1ad2332542,177708,354,502,500,L(raw),032,left_index,nonlivescan_plain,good
minex,minexiii/validation/validation_imagery_raw/b032_08.gray,9e7221f9a9e7199bcae457ed3b82afd3a4984236e3eba88d9688daec4ee7f724,144412,316,457,500,L(raw),032,left_middle,nonlivescan_plain,verygood
minex,minexiii/validation/validation_imagery_raw/b032_09.gray,c6d17d8309843fcc9081b04e7521fdb0a2d09914f9fe2a9f99fae97bc9164dc8,142713,303,471,500,L(raw),032,left_ring,nonlivescan_plain,excellent
minex,minexiii/validation/validation_imagery_raw/b032_10.gray,bf4dfeeb89dedd12340f0cb5c2b2b4e8c01d29789ce4c30579d2b5b9dc84ddaf,126169,281,449,500,L(raw),032,left_little,nonlivescan_plain,verygood
minex,minexiii/validation/validation_imagery_raw/b033_02.gray,c6127663d077dbbc994a0295b82c9ac9e0606a28bce392902b90be30b273df8c,158727,337,471,500,L(raw),033,right_index,nonlivescan_plain,excellent
minex,minexiii/validation/validation_imagery_raw/b033_03.gray,bf07aa7521a51f27627b0708ae4d1fb45b572426a8071cf5e4640d80010ed5d7,132660,335,396,500,L(raw),033,right_middle,nonlivescan_plain,verygood
minex,minexiii/validation/validation_imagery_raw/b033_04.gray,0d878207b53b74f98086c64189c9f39130c592a8b8e5d6e469de8eca2c456244,148282,302,491,500,L(raw),033,right_ring,nonlivescan_plain,excellent
minex,minexiii/validation/validation_imagery_raw/b033_05.gray,b1b531f55537c3fb59822da63a2c09675ca1427d8efb6283e7a8578d268746d5,126567,287,441,500,L(raw),033,right_little,nonlivescan_plain,good
minex,minexiii/validation/validation_imagery_raw/b033_07.gray,a61f12ffbc0cedcaee1065f6d93f18da69797882dbe623ecac8e695215b78272,161007,357,451,500,L(raw),033,left_index,nonlivescan_plain,verygood
minex,minexiii/validation/validation_imagery_raw/b033_08.gray,3a99a4058ec25e9edbd5c361f4e7b59ab954d2a17e178234501cdc8134f72d32,139175,293,475,500,L(raw),033,left_middle,nonlivescan_plain,verygood
minex,minexiii/validation/validation_imagery_raw/b033_09.gray,7a31076b88823e0fe0de92ce174e120cc1af37157cd6c7a4b623bd1ffd2a539e,132987,291,457,500,L(raw),033,left_ring,nonlivescan_plain,verygood
minex,minexiii/validation/validation_imagery_raw/b033_10.gray,afc42e955aa8c8088d44f8c820b1ac608f3f22fe71c4f115bdb5bf39d3a8cbaf,71120,254,280,500,L(raw),033,left_little,nonlivescan_plain,good
minex,minexiii/validation/validation_imagery_raw/b034_02.gray,3c1b16ce2361ef4640590656f30eadfd1dcac71ca0329c1d0d28318e939b91ab,107601,267,403,500,L(raw),034,right_index,nonlivescan_plain,good
minex,minexiii/validation/validation_imagery_raw/b034_03.gray,4aa0aeb45d8258d15495bad448b71e7b1f70ca5a67c5340950d961bef73c390e,97407,237,411,500,L(raw),034,right_middle,nonlivescan_plain,verygood
minex,minexiii/validation/validation_imagery_raw/b034_04.gray,9578e11afe12e6398a867698f31984545da89777e3a701e21c0670a288a8fdbc,109975,265,415,500,L(raw),034,right_ring,nonlivescan_plain,excellent
minex,minexiii/validation/validation_imagery_raw/b034_05.gray,449102fc449625d5a139394273be3bdf24ca2911f90c6879ca3ed93a58a79576,92619,251,369,500,L(raw),034,right_little,nonlivescan_plain,excellent
minex,minexiii/validation/validation_imagery_raw/b034_07.gray,34da0275e39558d62051e567141e8164f1a973889adb794002242e26bffed8a8,106766,253,422,500,L(raw),034,left_index,nonlivescan_plain,poor
minex,minexiii/validation/validation_imagery_raw/b034_08.gray,d183f035e69d41a636fd963d63a8c47464f21b61fd46b229c809e7e840ca108e,110197,263,419,500,L(raw),034,left_middle,nonlivescan_plain,excellent
minex,minexiii/validation/validation_imagery_raw/b034_09.gray,ebb93d3bdf825c83cb2f328c57d72cffb0988e23fb811739c80a38ed6a824ab3,73431,199,369,500,L(raw),034,left_ring,nonlivescan_plain,verygood
minex,minexiii/validation/validation_imagery_raw/b034_10.gray,0ca98f4b29fc038530d88debbe40da8ab5c30b77856907ed30dcafa85fcaa4b6,100659,267,377,500,L(raw),034,left_little,nonlivescan_plain,good
minex,minexiii/validation/validation_imagery_raw/b035_02.gray,15030d768239b20a92c297a8951c11b7274d9fbc1f5b7a7152ee5753944eff9d,134680,296,455,500,L(raw),035,right_index,nonlivescan_plain,verygood
minex,minexiii/validation/validation_imagery_raw/b035_03.gray,10d19f1dca9cb70e9f5ba67c8b47e4f74ace3bf81ab7dc804eb4cbee132df6d0,136224,288,473,500,L(raw),035,right_middle,nonlivescan_plain,verygood
minex,minexiii/validation/validation_imagery_raw/b035_04.gray,8cab4bcc6bc5eb3d1dfd11da5df8d4a4cf9fe6b5a362c22caad6c2f4eb768ef4,98268,228,431,500,L(raw),035,right_ring,nonlivescan_plain,good
minex,minexiii/validation/validation_imagery_raw/b035_05.gray,a1f34ec4a81423149a2705bf53ec90f277fef83e406756a0dd8a6713790b335e,92460,276,335,500,L(raw),035,right_little,nonlivescan_plain,poor
minex,minexiii/validation/validation_imagery_raw/b035_07.gray,9c4fb072ead4eede79cc674b73bcc6021050fea72ab3c3c44e88fa0c15b615fb,109969,277,397,500,L(raw),035,left_index,nonlivescan_plain,poor
minex,minexiii/validation/validation_imagery_raw/b035_08.gray,3d5f12eefe8dbf3c22932b1e075199cb958f822b1a8251838ee2e90e5a568029,111873,267,419,500,L(raw),035,left_middle,nonlivescan_plain,verygood
minex,minexiii/validation/validation_imagery_raw/b035_09.gray,c153677dd18116bbbb17a830f7a48e183b55d2a29631f613403daa24ceb20d85,80851,233,347,500,L(raw),035,left_ring,nonlivescan_plain,poor
minex,minexiii/validation/validation_imagery_raw/b035_10.gray,5cb5a67134f2c4fc3e439c325ab7f0848b6993f5d04a233d4941614229a78a9e,88631,263,337,500,L(raw),035,left_little,nonlivescan_plain,good
minex,minexiii/validation/validation_imagery_raw/b036_02.gray,2bcaa266891e9baae5dc020124a7e051290a5f7b809cf078d21de0da701da1cb,100035,285,351,500,L(raw),036,right_index,nonlivescan_plain,poor
minex,minexiii/validation/validation_imagery_raw/b036_03.gray,95551dc38533a93def6daa7722d2d9f085da5558af0fdf0b81a90930e28110c8,105264,272,387,500,L(raw),036,right_middle,nonlivescan_plain,verygood
minex,minexiii/validation/validation_imagery_raw/b036_04.gray,ffde9baafcedd96a6f36adc4fb460e5809aeca92fd1cabc25fd27dca66d4bcd0,165771,339,489,500,L(raw),036,right_ring,nonlivescan_plain,excellent
minex,minexiii/validation/validation_imagery_raw/b036_05.gray,878de81303e46179b9643aebfb3aa7a958d9637ade31cf12b214665f734c131c,102709,271,379,500,L(raw),036,right_little,nonlivescan_plain,good
minex,minexiii/validation/validation_imagery_raw/b036_07.gray,e0bcc2492df518c4352d0cea72509212c2717c2e0d811fc328d878ccb1764c04,139629,327,427,500,L(raw),036,left_index,nonlivescan_plain,verygood
minex,minexiii/validation/validation_imagery_raw/b036_08.gray,fd07893239a132f6c21f5e27d270da7498143f7d1caaa507cabe22d09cc30b60,138890,323,430,500,L(raw),036,left_middle,nonlivescan_plain,good
minex,minexiii/validation/validation_imagery_raw/b036_09.gray,1eb5cf6863aef9f66ab9fd51c0f601ce05c4d9afa9f60d7e72b1a34e65ba0015,149625,315,475,500,L(raw),036,left_ring,nonlivescan_plain,good
minex,minexiii/validation/validation_imagery_raw/b036_10.gray,4640a3762d3defeeed573fb13f82d76ffdd3b74a0a434a2875fd7eecfb1019f8,95410,329,290,500,L(raw),036,left_little,nonlivescan_plain,poor
minex,minexiii/validation/validation_imagery_raw/b037_02.gray,ed2613a3a48a916c56947a1d61771479fcad2e04e7c6f4460e55d6c755d2b490,143863,293,491,500,L(raw),037,right_index,nonlivescan_plain,verygood
minex,minexiii/validation/validation_imagery_raw/b037_03.gray,53a8274cf897bed378fbde0ec3b589a89a47d14398d5070cfdb091d0b69f9ee5,116178,289,402,500,L(raw),037,right_middle,nonlivescan_plain,good
minex,minexiii/validation/validation_imagery_raw/b037_04.gray,29993c1730071031a36b5c9055e4bee158c3a62ed911a374abd32600ab35218d,140993,277,509,500,L(raw),037,right_ring,nonlivescan_plain,verygood
minex,minexiii/validation/validation_imagery_raw/b037_05.gray,3f4051534b61cf64e61104aee60f5fd6e8853e2348453fa655a0b78d0ab58355,95571,287,333,500,L(raw),037,right_little,nonlivescan_plain,good
minex,minexiii/validation/validation_imagery_raw/b037_07.gray,b1607c96a970a1bb43aebc67ef4a03a5d91381f0c3f2ee0cc86081d3bc680908,107865,235,459,500,L(raw),037,left_index,nonlivescan_plain,good
minex,minexiii/validation/validation_imagery_raw/b037_08.gray,8802897e7b18a152e11e0a108726d5e9084bf2abb4c48fc82f5df30f44368822,121394,299,406,500,L(raw),037,left_middle,nonlivescan_plain,good
minex,minexiii/validation/validation_imagery_raw/b037_09.gray,ae9865404eae0ab54cf40fe529d965040c4dde28a8da9a9cf807f3577f0ab826,105469,247,427,500,L(raw),037,left_ring,nonlivescan_plain,good
minex,minexiii/validation/validation_imagery_raw/b037_10.gray,d73243f86669100dc4e312861f731acc06701576f3d548a8a5c51e2be472cebb,118404,286,414,500,L(raw),037,left_little,nonlivescan_plain,poor
minex,minexiii/validation/validation_imagery_raw/b038_02.gray,b37a54059d2aa0fa4f50f4362cdadd546c2f05b26480a4f9558e4c7f71955c5d,154080,321,480,500,L(raw),038,right_index,nonlivescan_plain,verygood
minex,minexiii/validation/validation_imagery_raw/b038_03.gray,8ff4a14db5ec8fbb2755238817ffdcfd8c42cc652e8360ccee5211a8b257ee2d,174960,324,540,500,L(raw),038,right_middle,nonlivescan_plain,verygood
minex,minexiii/validation/validation_imagery_raw/b038_04.gray,44bd0d7688bcf293ed62c6eebe34b7020fca6c060e8a1a08270a5995dc1e6d58,171948,322,534,500,L(raw),038,right_ring,nonlivescan_plain,fair
minex,minexiii/validation/validation_imagery_raw/b038_05.gray,cfc3afb9b1f52f07a08f4413171c6b098661cfd4ea6a759829358b36cf3b9d90,127099,271,469,500,L(raw),038,right_little,nonlivescan_plain,verygood
minex,minexiii/validation/validation_imagery_raw/b038_07.gray,42d09b82303e69459745688f38f974525da0da296949b624c1610d9f2670d9b7,131537,301,437,500,L(raw),038,left_index,nonlivescan_plain,verygood
minex,minexiii/validation/validation_imagery_raw/b038_08.gray,b0dccfd0ec5f6cd732026eadd71ccdaaab0b426c5ef1b1d46a632d876dabb9af,95842,346,277,500,L(raw),038,left_middle,nonlivescan_plain,good
minex,minexiii/validation/validation_imagery_raw/b038_09.gray,b39be3ce06b2a4f00cbf66ec2aaf4e0783dfca17c254a6ede5cd5c5bd9e39ada,118144,284,416,500,L(raw),038,left_ring,nonlivescan_plain,good
minex,minexiii/validation/validation_imagery_raw/b038_10.gray,e166af3515459a065aff931ccce9086a2dbba37fa84ad042bb990fa350191643,96393,253,381,500,L(raw),038,left_little,nonlivescan_plain,poor
minex,minexiii/validation/validation_imagery_raw/b039_02.gray,945fb66000f00e7df79ef823020acff4b3bd7c65cf04734a8ff78d2696fe6bf8,202269,353,573,500,L(raw),039,right_index,nonlivescan_plain,fair
minex,minexiii/validation/validation_imagery_raw/b039_03.gray,a9bb31f578f249a34b9e625bd1b874a64d6994ca7aa5ff91e0975a238b40a3a7,168113,341,493,500,L(raw),039,right_middle,nonlivescan_plain,good
minex,minexiii/validation/validation_imagery_raw/b039_04.gray,d0bd171c8961b64cd3d9f60688eeab926b8c55f0f34e2e26190a00c148656aae,144615,311,465,500,L(raw),039,right_ring,nonlivescan_plain,good
minex,minexiii/validation/validation_imagery_raw/b039_05.gray,c701b732c8b12d36c11395ba676f5c14362f92e7453eceddbf1a51a2348c4e94,95680,260,368,500,L(raw),039,right_little,nonlivescan_plain,poor
minex,minexiii/validation/validation_imagery_raw/b039_07.gray,1f8af3c6b16da2ae6bbdbc0efc9eb161aee1554833b14f9fa24cc6d977574fa4,151929,331,459,500,L(raw),039,left_index,nonlivescan_plain,verygood
minex,minexiii/validation/validation_imagery_raw/b039_08.gray,46112594ee29dc79f15614330ef35d4d587c6f96dddffc20e7503a558fc1c0a2,164916,324,509,500,L(raw),039,left_middle,nonlivescan_plain,verygood
minex,minexiii/validation/validation_imagery_raw/b039_09.gray,fa1cbd13f50a09f3ecdc78df1b957c2e7129a6e00badd4ed495005443760e165,122181,293,417,500,L(raw),039,left_ring,nonlivescan_plain,verygood
minex,minexiii/validation/validation_imagery_raw/b039_10.gray,eb6653046bb0ac5beda8abfd43cd452a98da55f2d343903d108fe43c8e1093db,77700,300,259,500,L(raw),039,left_little,nonlivescan_plain,good
minex,minexiii/validation/validation_imagery_raw/b040_02.gray,0df835594d6a5478e4bba300f792c2c864dccd096c12a835b87ac97e11029902,117459,279,421,500,L(raw),040,right_index,nonlivescan_plain,good
minex,minexiii/validation/validation_imagery_raw/b040_03.gray,65d5ad728b09febe817dd81b2607049f3b103785200799871b972a7f1b12d229,127710,297,430,500,L(raw),040,right_middle,nonlivescan_plain,verygood
minex,minexiii/validation/validation_imagery_raw/b040_04.gray,b4521c27fed4228fbf0fa72457084e010c777004f8dcb131fbc2651728b66ec6,108813,249,437,500,L(raw),040,right_ring,nonlivescan_plain,verygood
minex,minexiii/validation/validation_imagery_raw/b040_05.gray,2d65ffeaf1794c272f1b15ebfcf2497169ebebf5e197db8a0d19925b58d2ed30,117720,360,327,500,L(raw),040,right_little,nonlivescan_plain,fair
minex,minexiii/validation/validation_imagery_raw/b040_07.gray,cb2d8ffc4625ce1c2eeb7fa079a6316a4dcbef77a50e5a3936bc75bca9a1f612,164125,325,505,500,L(raw),040,left_index,nonlivescan_plain,verygood
minex,minexiii/validation/validation_imagery_raw/b040_08.gray,740df768480ca3b94018854aa85ee2341c3c009e0b14eb89a37896e7508b6527,152431,313,487,500,L(raw),040,left_middle,nonlivescan_plain,excellent
minex,minexiii/validation/validation_imagery_raw/b040_09.gray,e7d039f15508b14dceb52fc438455e450e91b8a0f3c0ef7bd49010050461acc3,131021,277,473,500,L(raw),040,left_ring,nonlivescan_plain,verygood
minex,minexiii/validation/validation_imagery_raw/b040_10.gray,3f6079e3257ec07f7da83699bc15c7d5176aeeb6acf44bdb1b6cbc1989241323,126177,307,411,500,L(raw),040,left_little,nonlivescan_plain,verygood
minex,minexiii/validation/validation_imagery_raw/b041_02.gray,4f824dc0eb352d74dfb317d7b7ae03873391b759c5ea18a20cb7c6435b90f386,115506,279,414,500,L(raw),041,right_index,nonlivescan_plain,verygood
minex,minexiii/validation/validation_imagery_raw/b041_03.gray,a06ccbc19286b3d96cde4aa662640b50eebd5c23c8a5835111fc2f770d53ff61,91613,289,317,500,L(raw),041,right_middle,nonlivescan_plain,good
minex,minexiii/validation/validation_imagery_raw/b041_04.gray,d83430b92ff2604a60d9aa2ed7f46f0200f4f545ba06edf82a85b61c13391966,102729,283,363,500,L(raw),041,right_ring,nonlivescan_plain,verygood
minex,minexiii/validation/validation_imagery_raw/b041_05.gray,db7d2e56d0ceaabd101d5cba8742cf414b3e0bccd061d5bbabb099d6128dd8d8,99899,283,353,500,L(raw),041,right_little,nonlivescan_plain,good
minex,minexiii/validation/validation_imagery_raw/b041_07.gray,62b4ff8e52cec7675e07978316bdcb9a9c6a1cd7932636d1bf438db5afcf2737,117459,279,421,500,L(raw),041,left_index,nonlivescan_plain,verygood
minex,minexiii/validation/validation_imagery_raw/b041_08.gray,f18fe0aabe892c5f71ed4f31c06930368a5b6720c9563084db606de2afa789ed,80600,260,310,500,L(raw),041,left_middle,nonlivescan_plain,poor
minex,minexiii/validation/validation_imagery_raw/b041_09.gray,0e77cbd9e30cd1e9872b105c471a0ddadb225a5068d89a05041ab38fb3df3df8,134849,299,451,500,L(raw),041,left_ring,nonlivescan_plain,good
minex,minexiii/validation/validation_imagery_raw/b041_10.gray,9758c762b157849a942fd23125659ceccfd42009162e74ff113ccd0a10da074c,99441,261,381,500,L(raw),041,left_little,nonlivescan_plain,poor
minex,minexiii/validation/validation_imagery_raw/b042_02.gray,4781a1ec5d38b76e799e3dcc2e1803a148831d7a2789230a7dde1965e5583474,221923,397,559,500,L(raw),042,right_index,nonlivescan_plain,good
minex,minexiii/validation/validation_imagery_raw/b042_03.gray,a04be9a1bf38dbad621ab96ff1c22598185f608e2de5a073851b0d7ea8856e26,208131,371,561,500,L(raw),042,right_middle,nonlivescan_plain,excellent
minex,minexiii/validation/validation_imagery_raw/b042_04.gray,cb19b72b7104e80d98fa1d63820a29e75afdb413877d01286879883986d19a74,239624,389,616,500,L(raw),042,right_ring,nonlivescan_plain,excellent
minex,minexiii/validation/validation_imagery_raw/b042_05.gray,b6e62268d8b812062afd620e292074b1ecbad94cf8a59a1036e8c514870d6356,208415,571,365,500,L(raw),042,right_little,nonlivescan_plain,good
minex,minexiii/validation/validation_imagery_raw/b042_07.gray,207ed48b26bc122a125c1ae62c8eb1043da0554aba109af5f469b40751d1cbfe,190635,355,537,500,L(raw),042,left_index,nonlivescan_plain,good
minex,minexiii/validation/validation_imagery_raw/b042_08.gray,7553dea3b982fcc22dad4551ba09432fb2bceff4f78bdd37a4c77498e0f53148,224400,374,600,500,L(raw),042,left_middle,nonlivescan_plain,excellent
minex,minexiii/validation/validation_imagery_raw/b042_09.gray,a400bba1ee50a58edb7ade751b3267f403d1c0022701e13fb03eba17b42df033,196911,351,561,500,L(raw),042,left_ring,nonlivescan_plain,verygood
minex,minexiii/validation/validation_imagery_raw/b042_10.gray,c6b7df3831da66f73f744ba69c9cd061d8c55243cddfd1f7abde02d249a1ef27,138764,307,452,500,L(raw),042,left_little,nonlivescan_plain,good
minex,minexiii/validation/validation_imagery_raw/b043_02.gray,a503e01e2c6b5a3ec590fbe3f8260366d3a0d47f7c9b518091eb7f721ea2cc3b,149450,350,427,500,L(raw),043,right_index,nonlivescan_plain,fair
minex,minexiii/validation/validation_imagery_raw/b043_03.gray,c361dfb31e1d8933e2b8074e8831ffc5680de92d88ad3ba5deaf03dc37de5294,169488,321,528,500,L(raw),043,right_middle,nonlivescan_plain,good
minex,minexiii/validation/validation_imagery_raw/b043_04.gray,8574802c27d2c75466a92e1ab448ce70aefd92a0e3aa4c435f9ae3382c7fd16a,134425,283,475,500,L(raw),043,right_ring,nonlivescan_plain,fair
minex,minexiii/validation/validation_imagery_raw/b043_05.gray,0392399c2c7ff916780b8e071108cbd04cfcdaf01c03b35e93635b4aacc0c334,146595,337,435,500,L(raw),043,right_little,nonlivescan_plain,good
minex,minexiii/validation/validation_imagery_raw/b043_07.gray,1b455cec5bc1ce4db339e4cdff89427a05bb64af25d824a399608fdda853e694,112301,263,427,500,L(raw),043,left_index,nonlivescan_plain,fair
minex,minexiii/validation/validation_imagery_raw/b043_08.gray,f50d37fc078cbf73ddf23b278b6d3140ae95075f5e3039fb23a4f4420bc8802b,144400,304,475,500,L(raw),043,left_middle,nonlivescan_plain,verygood
minex,minexiii/validation/validation_imagery_raw/b043_09.gray,901509b5304aa3dda8e239234f2b00f4e719c20d38714f30129d24c52ec04699,146439,307,477,500,L(raw),043,left_ring,nonlivescan_plain,excellent
minex,minexiii/validation/validation_imagery_raw/b043_10.gray,fafd93d762736b3aefe3322ddacce241988f234fb01aa951b0e79d0fe74c0e3e,144129,321,449,500,L(raw),043,left_little,nonlivescan_plain,verygood
minex,minexiii/validation/validation_imagery_raw/b044_02.gray,d110970922673247e04c5f79655fce711ab26648d5bb023b782b8e732a340552,120249,279,431,500,L(raw),044,right_index,nonlivescan_plain,verygood
minex,minexiii/validation/validation_imagery_raw/b044_03.gray,9ca4a6bca27328e9f0b46d6e9fd3be668c4248ea1f771f0d8c7b2e5aa0be970c,81576,309,264,500,L(raw),044,right_middle,nonlivescan_plain,verygood
minex,minexiii/validation/validation_imagery_raw/b044_04.gray,671b35633cc38c9799690a0bd1a6ef349fedd384efd41b7d0bbf5f08a2b965db,127641,271,471,500,L(raw),044,right_ring,nonlivescan_plain,good
minex,minexiii/validation/validation_imagery_raw/b044_05.gray,f7e2fefd8ad0f04a4e0249098feb657f08734f73798f4a13646c68eac004822e,125763,309,407,500,L(raw),044,right_little,nonlivescan_plain,fair
minex,minexiii/validation/validation_imagery_raw/b044_07.gray,bb7dbc823a12c89896452e78e0289b77a7e2c3dbc599edd079d52fc8bf7c35d3,145035,293,495,500,L(raw),044,left_index,nonlivescan_plain,verygood
minex,minexiii/validation/validation_imagery_raw/b044_08.gray,db21333bccd78bf60cd0016703bc6c11d729a41b300176718b2b2c1ec27c9620,116640,288,405,500,L(raw),044,left_middle,nonlivescan_plain,verygood
minex,minexiii/validation/validation_imagery_raw/b044_09.gray,6c348734cb5a497462a62694fb050db0eeceb8ae5294435cb3a783f9892ba61b,146793,293,501,500,L(raw),044,left_ring,nonlivescan_plain,excellent
minex,minexiii/validation/validation_imagery_raw/b044_10.gray,4644fb16d4f7be81cf468695167cdf5c4d6353342a4abff62d89ea4bd2564f53,112634,283,398,500,L(raw),044,left_little,nonlivescan_plain,good
minex,minexiii/validation/validation_imagery_raw/b045_02.gray,ff8aeab0ee12172559f0bf1d54f7ad8fedeba7c6285a309446d405c14e4cefba,130647,321,407,500,L(raw),045,right_index,nonlivescan_plain,good
minex,minexiii/validation/validation_imagery_raw/b045_03.gray,9f13c07e3401bfccbec5feaed2a0437fae77db7ed153ec1a90a35c9eab1524d1,73360,280,262,500,L(raw),045,right_middle,nonlivescan_plain,good
minex,minexiii/validation/validation_imagery_raw/b045_04.gray,32e05ca06a2120e827d3a3a47dfb636a3992994631abe8f97f85bf929cb6aa20,89060,244,365,500,L(raw),045,right_ring,nonlivescan_plain,good
minex,minexiii/validation/validation_imagery_raw/b045_05.gray,87e6e5e5d6a28d186d06e8f13544399d831a74ce9659a770922946bfb7b12d64,182160,368,495,500,L(raw),045,right_little,nonlivescan_plain,good
minex,minexiii/validation/validation_imagery_raw/b045_07.gray,009872d3ad730808ca561f598b9f9ebab8a2abeb01f1b41b250bae72f595f409,108459,309,351,500,L(raw),045,left_index,nonlivescan_plain,verygood
minex,minexiii/validation/validation_imagery_raw/b045_08.gray,f3c73e2aa4437c971730fcfa781c8d7b521affd49a607cacced3455a72213ff1,92800,290,320,500,L(raw),045,left_middle,nonlivescan_plain,verygood
minex,minexiii/validation/validation_imagery_raw/b045_09.gray,e34ed3a5eef9b191e256d681c7d394c592819208228b4f1d560f7fc91c1d5e4b,77361,241,321,500,L(raw),045,left_ring,nonlivescan_plain,good
minex,minexiii/validation/validation_imagery_raw/b045_10.gray,3f1e30ed6b30029924d0ac6584ef1b3efe33f27b21546c50fb538fa84c10cb95,135783,321,423,500,L(raw),045,left_little,nonlivescan_plain,verygood
minex,minexiii/validation/validation_imagery_raw/b046_02.gray,71a4170b0c67a42293c6f561adb63474df7c6f94be53930eb7f1b6a0d3388172,155686,323,482,500,L(raw),046,right_index,nonlivescan_plain,poor
minex,minexiii/validation/validation_imagery_raw/b046_03.gray,09806a619a681b10e6f884ac050b610590ac18a319ab43221d4fb9d068b24483,159831,301,531,500,L(raw),046,right_middle,nonlivescan_plain,good
minex,minexiii/validation/validation_imagery_raw/b046_04.gray,e7a46e73a2ee0ab9644c8811a23541e56f1af5a9664ffbd04f264a9dba00e856,145827,297,491,500,L(raw),046,right_ring,nonlivescan_plain,good
minex,minexiii/validation/validation_imagery_raw/b046_05.gray,7c5f93efe3cef813bd3f59b03deb401b2441235fa2efb750b3cc3eb4c4915473,157315,365,431,500,L(raw),046,right_little,nonlivescan_plain,verygood
minex,minexiii/validation/validation_imagery_raw/b046_07.gray,896705c63ea5fc90d13a741f4e29e5a4e2231bd82a3dc11f32c8c0a1ee41afa6,172827,333,519,500,L(raw),046,left_index,nonlivescan_plain,excellent
minex,minexiii/validation/validation_imagery_raw/b046_08.gray,24b44bc8b8a8c29a62c3013ad072c4d6667df86f8b9064d99b6b8d39f6dc9666,118332,342,346,500,L(raw),046,left_middle,nonlivescan_plain,verygood
minex,minexiii/validation/validation_imagery_raw/b046_09.gray,18c1157755544444c91d887571ae6ff57b2adfad7b77b539cff79905cb63c0df,122157,277,441,500,L(raw),046,left_ring,nonlivescan_plain,good
minex,minexiii/validation/validation_imagery_raw/b046_10.gray,b02854b2005bb92bc302df8161e3e4a4e68e8d5581d4fa5823df74b2a773c89b,72927,219,333,500,L(raw),046,left_little,nonlivescan_plain,poor
minex,minexiii/validation/validation_imagery_raw/b047_02.gray,4188a1fdb44525379bdecb0c291b76ca6346faf3c25746fa668797aabf284538,119196,258,462,500,L(raw),047,right_index,nonlivescan_plain,good
minex,minexiii/validation/validation_imagery_raw/b047_03.gray,f26f5a6d897d0c93625cdf55717ec1585fba000555a0f018ffd3d3c57a13b3af,147407,299,493,500,L(raw),047,right_middle,nonlivescan_plain,good
minex,minexiii/validation/validation_imagery_raw/b047_04.gray,c9ad46e938123222fea5443d57893c5db31bed6e5f21e30faa8b77b215edeb47,146421,297,493,500,L(raw),047,right_ring,nonlivescan_plain,excellent
minex,minexiii/validation/validation_imagery_raw/b047_05.gray,57597bd8fae6e498fbfd2d2a33bf0680afb866d17c51a3453c075db1e4c388ea,142236,324,439,500,L(raw),047,right_little,nonlivescan_plain,verygood
minex,minexiii/validation/validation_imagery_raw/b047_07.gray,8a28c826808ac91b2cbe7def3158df4096d880c69f69c5538c7a23b77b85efef,156000,325,480,500,L(raw),047,left_index,nonlivescan_plain,good
minex,minexiii/validation/validation_imagery_raw/b047_08.gray,58888e64edbde7476fe369b7fc71b158f4a2f049177c8e558986e2c5a041dcc8,161539,329,491,500,L(raw),047,left_middle,nonlivescan_plain,excellent
minex,minexiii/validation/validation_imagery_raw/b047_09.gray,0c43c3539b2a68031ca926619c9a57783a3df58da362374ccc65cf325bb26fbb,84995,191,445,500,L(raw),047,left_ring,nonlivescan_plain,good
minex,minexiii/validation/validation_imagery_raw/b047_10.gray,8406e86ce1b0a191c2fd9dce4e54b1e08751bf32e8a1ef76826864d0be86d28c,128390,347,370,500,L(raw),047,left_little,nonlivescan_plain,verygood
minex,minexiii/validation/validation_imagery_raw/b048_02.gray,600c03cae5b17713a92528d8cac87378fd8bbd2770dddbd66a5a8af7ac11b6e8,186717,327,571,500,L(raw),048,right_index,nonlivescan_plain,verygood
minex,minexiii/validation/validation_imagery_raw/b048_03.gray,cfd40f18edd19692c30b960959db9a730ac351f64105818485663eb8ef298933,170829,333,513,500,L(raw),048,right_middle,nonlivescan_plain,good
minex,minexiii/validation/validation_imagery_raw/b048_04.gray,834c0b32aceeada6fa7e5e478a5158ca572fe4688ded41afa4a986eefd6eae38,176176,308,572,500,L(raw),048,right_ring,nonlivescan_plain,fair
minex,minexiii/validation/validation_imagery_raw/b048_05.gray,401e0460591c4ab3faab57d2abef1c5d8e04473ed97bef0572ecfe847d4463e7,143472,294,488,500,L(raw),048,right_little,nonlivescan_plain,good
minex,minexiii/validation/validation_imagery_raw/b048_07.gray,44021d54ffcfbad1b8178a9d5a8e09291d3af90d9a8500e6112773bfec5aac2f,190143,333,571,500,L(raw),048,left_index,nonlivescan_plain,good
minex,minexiii/validation/validation_imagery_raw/b048_08.gray,2ae7208b6c19971550437686f4ace2990a6d8cc6703fbb0720b9497541c08f58,179998,299,602,500,L(raw),048,left_middle,nonlivescan_plain,verygood
minex,minexiii/validation/validation_imagery_raw/b048_09.gray,0e2c42ba67634eef68068f1fc6b90aded1b2bebeb5697a0d895da179dacd071c,180873,297,609,500,L(raw),048,left_ring,nonlivescan_plain,good
minex,minexiii/validation/validation_imagery_raw/b048_10.gray,4b25e178202eabe129bbb1a2f28cf53f27ffe88479feb666f23f4a77e3fd00cd,117660,370,318,500,L(raw),048,left_little,nonlivescan_plain,good
minex,minexiii/validation/validation_imagery_raw/b049_02.gray,3abbfe74d7c8978e3e0840616ccb4f1eb487671de6bfc43b07a43985a352e42e,163150,325,502,500,L(raw),049,right_index,nonlivescan_plain,fair
minex,minexiii/validation/validation_imagery_raw/b049_03.gray,0751dd7a906e1a1be7fdbb9c781dba49f4a4b399c70f2afdc597dbd375be00c9,184630,370,499,500,L(raw),049,right_middle,nonlivescan_plain,verygood
minex,minexiii/validation/validation_imagery_raw/b049_04.gray,c5ce42f59493ed8483599c770a8181d829bbe4da96d1f6a122b385d8168b7bea,168324,338,498,500,L(raw),049,right_ring,nonlivescan_plain,good
minex,minexiii/validation/validation_imagery_raw/b049_05.gray,f30bd66cf0d34d56f3dca27d5e7c73712f8018bbd2767504bf994d99aa612106,151745,341,445,500,L(raw),049,right_little,nonlivescan_plain,fair
minex,minexiii/validation/validation_imagery_raw/b049_07.gray,045453951233f037ab4077b157738f547f93219e53884c225cadf0bd2f366968,172431,357,483,500,L(raw),049,left_index,nonlivescan_plain,verygood
minex,minexiii/validation/validation_imagery_raw/b049_08.gray,99892e09ab17fda38556a49eb53382d330286bd1706bf5dac20c3dfd3b81173f,120192,313,384,500,L(raw),049,left_middle,nonlivescan_plain,verygood
minex,minexiii/validation/validation_imagery_raw/b049_09.gray,ef301ccf190ee1736cfb41642d6409c91878dda1ac65d225c8a32aa9ba6d873f,144585,315,459,500,L(raw),049,left_ring,nonlivescan_plain,verygood
minex,minexiii/validation/validation_imagery_raw/b049_10.gray,f7a4adf85746b04226288999ce5c4af65e7c0bc9f5c92c95c29dfbce5a141c22,113841,273,417,500,L(raw),049,left_little,nonlivescan_plain,good
minex,minexiii/validation/validation_imagery_raw/b050_02.gray,deb0935254893d09fa0c96f493e6f0af13065119059a11f070b225c178a97e7c,177973,361,493,500,L(raw),050,right_index,nonlivescan_plain,verygood
minex,minexiii/validation/validation_imagery_raw/b050_03.gray,1e2866d4a3a6b6833561c8191ab54e9ec2d7c29f9df5fea77b2675bc1c401914,146412,332,441,500,L(raw),050,right_middle,nonlivescan_plain,verygood
minex,minexiii/validation/validation_imagery_raw/b050_04.gray,6654f1e7acba079cd4ea68da791b812ba40381328e076471fd0e7028c9ef0ce2,174743,323,541,500,L(raw),050,right_ring,nonlivescan_plain,excellent
minex,minexiii/validation/validation_imagery_raw/b050_05.gray,994df532125054ac6e813bc1f772a7f7099c01f199cb3ebffe692fba8e92791e,169521,363,467,500,L(raw),050,right_little,nonlivescan_plain,verygood
minex,minexiii/validation/validation_imagery_raw/b050_07.gray,cfeac9d4a5879fd34626c25b3e5c70b863c9b0c8b585885a78aa8cc3ba0a0edd,210013,397,529,500,L(raw),050,left_index,nonlivescan_plain,excellent
minex,minexiii/validation/validation_imagery_raw/b050_08.gray,87a533ad614daacc059384cbeedea6fce0e342c984dadb100f6d93dc85dafd4a,164783,367,449,500,L(raw),050,left_middle,nonlivescan_plain,excellent
minex,minexiii/validation/validation_imagery_raw/b050_09.gray,b22c8f5dc16dcf0b955d0c2f144e15ce44d494bdb54e32adb6e0741cba16dbd3,178710,322,555,500,L(raw),050,left_ring,nonlivescan_plain,excellent
minex,minexiii/validation/validation_imagery_raw/b050_10.gray,e68fd76ac540eaf5cc2dc62d18f7d927f02bc7c431c34dc3951341879c365613,144861,327,443,500,L(raw),050,left_little,nonlivescan_plain,excellent
minex,minexiii/validation/validation_imagery_raw/black.gray,2a60e85386d2ea13abc91fa6589fa30195be596086698e19b8089566b7c5807e,250000,500,500,500,L(raw),lack,right_index,livescan_plain,poor
minex,minexiii/validation/validation_imagery_raw/gradient.gray,7d59832af151d37b12756922ed9ef33dd41a1394e5aec8cec2ad13452fa134b2,250000,500,500,500,L(raw),radient,right_index,livescan_plain,poor
minex,minexiii/validation/validation_imagery_raw/random_rects.gray,a58a2e32f88f28f5e4f021b9f16c629a907b6f34aabf74dfca9e9ab403b3d592,250000,500,500,500,L(raw),andom,right_index,livescan_plain,poor
minex,minexiii/validation/validation_imagery_raw/white.gray,5499a017e5937d55db3d4b771130c3f7788e8eee28a7dc4cc57aaad1e24fdd26,250000,500,500,500,L(raw),hite,right_index,livescan_plain,poor
